cookie_id,score
ck_315fb710a0e371e7,0.00041944383336359696
ck_a76ee3b3e3e522fd,0.30235781633220693
ck_94c9a4d382689e82,0.023262469245129695
ck_8eaf9509ad9462a0,0.001833737119817139
ck_9a88a5a989cb5bc6,0.02148658348382102
ck_15239ef0689c1a35,0.004303244954543692
ck_8de69cd219d3b87f,0.7260405910076093
ck_f92cd37022b0ce21,0.014350506450768763
ck_1a3ff7620580a514,0.0021606519039682535
ck_397c03aa33a57310,0.10638090636988484
ck_a7cf6c3b322f6b7a,0.019531230155159708
ck_c39a9e75760e3201,0.004287685977111224
ck_88ab6d245228c38e,0.00040900304198911565
ck_17733f75ebdea93e,0.0010938850707439838
ck_58eb871e8d7bed52,0.025677793836076972
ck_e55b7fa67db1ec27,0.0008113167066423011
ck_62f5cfe22c952694,0.0023850757572881735
ck_7fbb709a0fe95759,0.0013104192555224326
ck_87abe9cd066a20fb,0.011174731919014528
ck_d58e058b5c553dd5,0.0020795358329716842
ck_d27b872648b71202,0.0038542533691646027
ck_4b4a3c5b95c55b43,0.0003790496635132811
ck_66dd4f4b4127256d,0.001277642566216004
ck_93cc12703b500613,0.1329135539814289
ck_d28806a2179092eb,0.994735542396587
ck_0595c2a0c7881e05,0.005038679745321945
ck_50087d8666191144,0.10884737232363081
ck_b08b3f089138c901,0.023136717819925958
ck_fe3b67041dad2dd1,0.0005955554999211996
ck_8449a28f7d475d93,0.03160996925233598
ck_8642e3b6d84f49d3,0.009187563763114956
ck_e49b5e4f2f2e79db,0.2341213353229019
ck_437afe412ea4259c,0.04708954169324463
ck_569b83668d74042d,0.9422535570377841
ck_233a487d31c3e631,0.994813172522006
ck_1fca72e03143a645,0.9471341784562085
ck_79205e31223df2ad,0.008280389644614125
ck_9625a64406ea16e3,0.002442883771147608
ck_079bd18dacb704a8,0.06131346650035787
ck_4db6d4fd2b49aa81,0.01934769060413007
ck_0dbefdac0a1868fb,0.0013757484655381855
ck_24ff97ad90bdd69a,0.163311515137968
ck_77f8c5042065d506,0.0030356284566920174
ck_f11be8ce05382cec,0.0032014803183952577
ck_c9d72140b0389216,0.008096129449683112
ck_69eda24e931fb36a,0.0006462200393041331
ck_ed471e496916ee15,0.0007295707397737582
ck_ff090498c4b17ac3,0.023193999712680668
ck_c3c19d6a0720915c,0.008439700312140006
ck_af02e1817cfa40b5,0.012976447106922417
ck_2df5a9fc87553eb1,0.003807783722040093
ck_4ac918e884cff336,0.01615593786117253
ck_ca149244b54ef3ad,0.00017088390346210462
ck_6babe5b8674ff51f,0.0027783555796596876
ck_1573878386886290,0.0019105217241546905
ck_3925f8565abb7fe4,0.0039318494898827215
ck_c4de808ae69c771f,0.0031532750484820913
ck_a777c813551281fe,0.0011230704837513373
ck_df4424f6dd85080d,0.02351611067279763
ck_85e5494ec20383ae,0.020458767459215616
ck_f71a4094e889c3af,0.0019828604093760603
ck_f2f3cf9cd23b2809,0.00944181382711025
ck_18e2076397bcc211,0.009703720133197223
ck_c9f9fddef39bc664,0.01929101163172685
ck_7e826e233d6ea028,0.002187788748613734
ck_62fd7eb46bee9210,0.005567412909250551
ck_206f8e3cd72768f3,0.033773748022267215
ck_aa295a11b0a6ab36,0.010674023921140535
ck_9a56739d81f84a53,0.001765456805631754
ck_aa075c418ed9fe5a,0.004745937089633699
ck_62b9fb3db284941b,0.004563276983612976
ck_f4f83b1403ebea46,0.025166796524611446
ck_16b66bd803288bc3,0.5248358511719875
ck_c4ca1434f3778f1d,0.9827438913141464
ck_1b823610371a29c0,0.00829498196511352
ck_c2bd5a722aa637d9,0.003911860943710139
ck_7890208951df34f0,0.00819926008162473
ck_020eb0e454524ecd,0.0008688279392520565
ck_3b66196ccf436c35,0.002837752820355996
ck_109fc467ec0a4af5,0.06835581320385596
ck_f3dcd818db92de7b,0.013561130805522372
ck_31e7742f160980ef,0.007244268931326002
ck_77fce5f86f00b8f4,0.5303786607375236
ck_46bc797b4d07d607,0.002468091726453479
ck_37899b1b571b1c6b,0.01799114427298525
ck_ef8a6af43fedd464,0.0006364941762609297
ck_bcc8519fe8521038,0.03840309865780392
ck_90696b7182dd9129,0.004881714755238789
ck_4a24ad61d017e1ba,0.005792570534003593
ck_0acc3d8c67218b9d,0.00783960562352343
ck_05c97fc9de11aba6,0.5367792768108652
ck_f8ac3a0500c0ec62,0.012414135744797983
ck_617b65141f546a1c,0.004609808440106292
ck_9d00823bf60388d7,0.00761990656257823
ck_123c15d93f1840f2,0.09610394119653067
ck_573feefba6bf78bb,0.022240774212267455
ck_b25657bd16739036,0.011705811654290736
ck_bd26d2bef14a8597,0.003472017322452327
ck_a553418f2fba1440,0.0043676170148512355
ck_89f3e380b0686963,0.003957297352712761
ck_b359192aa659bdce,0.08312304819948872
ck_02241f3dc301bebf,0.006321254340673215
ck_5ccc1a1c78cb33ee,0.010737025161404666
ck_349cc5edda1b8853,0.04020062373869242
ck_e9f228845bf6e28b,0.043889562916118945
ck_0a45d033d4e280ea,0.009766696271484417
ck_7e63168dda612235,0.0015056790502786536
ck_676fa5f6aae5475b,0.003461615901420044
ck_74b502b20690ccfe,0.006076409818078399
ck_073509af21dd7f5f,0.941918508287521
ck_498a0acd450944d8,0.0008863677058243856
ck_7f15b50b29dead01,0.002728707506281567
ck_8089fe7403c5f537,0.005876376432060901
ck_05b2b04e11d9ae9c,0.014863559767787544
ck_31e70f2f04b48b88,0.0006437107778542985
ck_994316fa5a02b319,0.00040154252647620515
ck_b76510998b9a2260,0.010911387634368401
ck_4db95c310e105d30,0.0008242288213846738
ck_6f730b77dc6cdb84,0.0021338675896245404
ck_2493ee8e7b91d304,0.03249078032283894
ck_92d679d6ac7dcdcb,0.06358150291532225
ck_3a0e0200cbb185cb,0.00442913057050291
ck_0b2eeb4e00ff7955,0.00611648615505273
ck_9843d0e61c37ebe8,0.991630630737317
ck_e61c8721e3ef1921,0.004290772431099005
ck_2e0eedaaf2980c2c,0.003956770970248153
ck_9036b2e5e9298a34,0.007413545791176578
ck_3265442528d51728,0.01862590375282177
ck_f2ddae2eb1cb29b4,0.0017765470055627862
ck_6cfa71d27fc27f92,0.01017814195349522
ck_f3199fbe84a28b9a,0.004949395616419616
ck_b78d785ca3ef773a,0.0023235695041830587
ck_374865697f1480eb,0.016831815327471026
ck_06d0e4a9189302a9,0.013472302423240013
ck_9c9884b9bcaa552e,0.494991919012772
ck_fd4cf578e87703ff,0.007794407084712402
ck_1917ef3e6e345549,0.08778707869657777
ck_e70418b00cbbbac9,0.018731865852215125
ck_a60388296a47062c,0.015319999335312117
ck_d598fe8d2c779ab9,0.0071169923326017456
ck_646dc03de4c31803,0.8783396155541014
ck_e4fd8cbd842b6993,0.0006435539431141391
ck_2225b555aa2a42ed,0.07810916359791018
ck_6be8ae9d78148882,0.004547546616299974
ck_4199342d3aca74e8,0.05721492774844322
ck_779581adb573261f,0.02478512927501821
ck_bb303568b6915205,0.12381207381455228
ck_17c4296276448afe,0.002058618403397658
ck_a60a61ac829252a0,0.004425728265028921
ck_6ea70950c1cae00b,0.9389550194110059
ck_1abb93f6924645e1,0.013414208969804567
ck_faab769cce19879a,0.08053727141385635
ck_d5b8e74e7ca6355a,0.018614455967394583
ck_f11f7691af16ad07,0.001215042933640205
ck_188fdf2be7c92e9d,0.9965781938847839
ck_4a103f8254b366f7,0.002611254221681372
ck_bfa17a0b1760e616,0.0010562881560788166
ck_a4d7f6a5869d440a,0.957867742488218
ck_58e20f5a3e7f11b8,0.6766101415918484
ck_4becdd3d2696c7ba,0.002334333505622619
ck_dad5cf32ab9f243f,0.008173929410558797
ck_7d9f73dc7c4f90c3,0.05279039328261762
ck_c19371047a2d011d,0.0022427010561915615
ck_247589ff532f7aa8,0.006323014050313568
ck_7a9f241d5f082567,0.0013751311407759878
ck_0a2b7078736b4dda,0.001493218978551952
ck_687b412e2aac7eb6,0.035081441795003755
ck_fce0b6855886a0b8,0.003899100033731414
ck_e291cc60920456d0,0.28006620037045976
ck_04219a7ea798db51,0.023530320481685647
ck_286bfd719836e9f3,0.1638114773577254
ck_55efc92394fee232,0.011553808778037807
ck_e36c8da1bd359960,0.012218519879206328
ck_34b0988a97d96902,0.002992248798632214
ck_e0fb11fc9dcb34e6,0.00997218205138221
ck_bcc9cbc9ed8b7c31,0.010359657604783338
ck_3df8da6f60a89a5b,0.013404417623316133
ck_b1495ee5c59a6b28,0.007182941385621958
ck_58f4c3ac61fda129,0.03924607723704303
ck_735f244b99e3aa8d,0.005432567152151168
ck_6b93bd8abf87b1d6,0.9656895283737569
ck_12107dacc6d05bd1,0.0011244866537349957
ck_f96db2a1f3448d1f,0.009474132157689111
ck_8fd91a3c99e19097,0.01437451306534887
ck_910205d25388a0ae,0.0006708057077061404
ck_d229dfa0e4442628,0.000698252299287855
ck_7cdec61e1c488798,0.06884453539441532
ck_f66f06e24ff32671,0.003906856765245124
ck_350bf14e90b503f5,0.006745951254169169
ck_61fff5fdaadd394b,0.001319126508425268
ck_e934f984bad2ff91,0.8091543626255501
ck_ff6a6d3547dd2d37,0.01065092919212683
ck_65ad9b15979e3247,0.007535011120087358
ck_bbe1a2ea5a403ad8,0.6512431358849462
ck_6f3a28eecd2c4031,0.007337320819620389
ck_a89b66665714058f,0.0060033010942699815
ck_918c92182b6817cd,0.026685459463457455
ck_64f5eb4be9e7b8fa,0.7903803262741993
ck_d021fd497ea35fb2,0.006069108233809476
ck_004de16f7d8a42ae,0.005109082969042455
ck_a33d2325f86ab12d,0.0016281434193332867
ck_89790ff26c844bc6,0.03920611305530653
ck_e6e7257377c37b28,0.05687353283675413
ck_a2cc3910a641a808,0.49835615045486303
ck_646e270e0195bf05,0.002523316250548494
ck_baba5d66def0d770,0.1368149858195134
ck_67cdcdda3033842d,0.0650378270058924
ck_b5c3075c811a2216,0.047159526271206224
ck_515379973a8044b8,0.0030091419235559113
ck_c0ce85fb4109567d,0.02068454924335434
ck_fef850553862aaca,0.0010650945666611325
ck_55d7217b0aff9fa2,0.0014236331957436835
ck_8e139f8925ef7968,0.0058938576136421065
ck_9e35b908fca1e4d7,0.0006189063982008026
ck_59735f4ab2ad3da5,0.008600579238421422
ck_dc569c1167ccec0d,0.9530833077813081
ck_1dade5592f90a15c,0.01991214197619704
ck_793048d11fb8b328,0.19049083539416847
ck_545b71eb4fa594b5,0.0013371559541062925
ck_bd30853e9a57b544,0.0077873770038671426
ck_59f46321ecf6d306,0.005012270120269083
ck_260cfe9141d249f1,0.33335379579461505
ck_3365a0ad1a8aa83c,0.0033309692546163623
ck_b0ef193195a2138b,0.004215542820606261
ck_0f909705e2e60f2f,0.009341947480207077
ck_5a540b75c866166a,0.011777734564883527
ck_87c26b2f41025109,0.9975708220591291
ck_27acc9f320cda104,0.026101250927433643
ck_a27bc31eecd9cb9a,0.0067900274384597335
ck_115d86fabde77b65,0.0037771321255445924
ck_eeca179341d56f8a,0.779251048429195
ck_8e5999c436cf037e,0.0011444705311255542
ck_510e7c5df1f95d90,0.9957067848557045
ck_f1acf73363925958,0.005522963666071246
ck_3c177f5970b68bd3,0.01132324784807418
ck_9cdfaa1c30cc9d32,0.0006406288623869008
ck_c8efa1538b37c359,0.007980464324058042
ck_a8a2e296f9804bd7,0.0370846339614549
ck_91a0ca45f429568d,0.011145260103074877
ck_5fdf8a0bdbd3ed62,0.010016048403755858
ck_0f4e2ec66d50da5f,0.002232768314783169
ck_28c53b214b2ee882,0.09716740539466752
ck_003148504557f720,0.06383315947776724
ck_01d840cffb870615,0.45566721478155847
ck_555848d51f4b5f35,0.01124816516947474
ck_df20cc23b8fb8e22,0.011469342752424283
ck_f9604adde929beff,0.001807728698852002
ck_d66952b03591bdec,0.00589928121532622
ck_ddcac1ab765ff61a,0.0064865880288456235
ck_347386629d96c664,0.009636214180211594
ck_ab01db9117acfe3d,0.0030038860162966046
ck_58e5359efc52e0ad,0.0055401278135484055
ck_1a524b5cc8da71b3,0.05057799755625527
ck_e9287b6d909d731f,0.0008311651953585589
ck_bb41a66e3d90263b,0.35798693146674543
ck_e95c8cc1864bd584,0.0016547295372227634
ck_7a3f2961e9a8b6dc,0.004188398415698663
ck_378a9df82b1e0bee,0.06845299490000564
ck_42633573639a3f02,0.9941367380437678
ck_2a5a4c18c2c7274b,0.006242486079764192
ck_77549c1a41f837c3,0.012154170055525743
ck_a26704b5b26258b7,0.0022048374798335005
ck_9874ad160efddf50,0.002303332219280927
ck_9111e3a04b14dfba,0.02386114048040392
ck_651e076ee43aea85,0.0026953239554378503
ck_391639c0f13932f3,0.0007913328261209666
ck_02dbabda93c8c13d,0.04239240338034873
ck_0adcb1fffcb0a34b,0.008942504824964854
ck_7a43ef9c7b1c67b5,0.001591829948525038
ck_4b9dd69946438d0b,0.004080807711966486
ck_90bf017cdd37b66e,0.03412348194778608
ck_61c74163eb36556e,0.004918233665491037
ck_13376c59b5bd6943,0.0012953724604400957
ck_62337eccb1672737,0.016781999373083632
ck_16077934338472bf,0.0014093675026028657
ck_0d4dfd93086e7330,0.0034711422414156227
ck_3865b7525b910893,0.051725413292530685
ck_7e2ae8b69ebd5675,0.00344471691533012
ck_b4384b6c11766ce7,0.0023364614997038765
ck_3d7fa32dfb9fc692,0.023477252324038612
ck_f4a6a7cadd6e0603,0.06180564693472688
ck_212525e2828a6c45,0.0016905397816477194
ck_33ad8d53394ba77a,0.3828572822731905
ck_a5051eafe8b51224,0.00234225660208278
ck_f65e5ff7da565f91,0.001787499788433911
ck_5c37f7563fa7591d,0.004253802582265977
ck_f1e0a006068aff29,0.010494411953570652
ck_c646cdead6fb79d0,0.004285891054976261
ck_f8b3cdffef535330,0.04184586460530541
ck_e5cdbe3aa12c97f6,0.002623786812879958
ck_986e4e61440506d0,0.519812378921617
ck_6da9c5912e15d9a8,0.0009477573143395401
ck_51d842e6dae74c71,0.0022831745520495044
ck_5fc65c24e0736d5d,0.9909377299925491
ck_babb95a76c69509d,0.010125231435265548
ck_86a2d852a9715432,0.03976268844315581
ck_db4083a0d043def8,0.05015549525039374
ck_96953b8945b7d403,0.005428842644576343
ck_7831ca5c31fb3859,0.03069962289464572
ck_60ac5e5f375daa38,0.008663884418754965
ck_05d44eb1f5f085ce,0.008815603409827611
ck_432cc19c7eeaa46e,0.006446081214779252
ck_7fc513033af061af,0.06947668876692607
ck_ada6ede84c111719,0.003391970793598506
ck_6343e0d3b1c2962b,0.008613208244509906
ck_010264ae04f2e902,0.11067990823293043
ck_e9dcf535f8c289eb,0.01710381450368726
ck_37143d9cc296e6fa,0.003233234542486032
ck_61fa051192f3e810,0.009629493566490184
ck_f9f93d1d41be1468,0.8479652342561126
ck_c4f4f28457be8a74,0.0019311471562774754
ck_323a71f9452d21cb,0.9582229757074403
ck_170f4688e0acd875,0.02370887173157732
ck_869b1878d09d230d,0.18130832857073992
ck_2f6b33bf46976229,0.0012581256193717786
ck_b11e22e75d9b99de,0.000879310767038588
ck_123d75ffb75b606d,0.0043222621187001
ck_94295287a04c85d2,0.030673497182142396
ck_1b0434f096795328,0.00047731269760483504
ck_0a4e191cd0a57ce1,0.0011339183298913447
ck_d2fbd0df99634676,0.006036019036485832
ck_d51df5e9fbbbcc94,0.00778609486377765
ck_2d3d7d64a6f443f8,0.007356380977323178
ck_731943c682c9394e,0.016200507103840446
ck_5ccc0c94e5e1f849,0.026670379401611377
ck_c3476080516db25d,0.025522639714285027
ck_5010ffb1c94187b5,0.004183688488718626
ck_7ef666d67bc70223,0.01417225950241357
ck_c1b493527224a27a,0.0022836232439760393
ck_5d1e25d7acc5af9a,0.009479749534865505
ck_ec30b61cbf517db8,0.0009824596257089096
ck_79323eb5d2e5efae,0.00211267360608397
ck_4085cd3bf2661518,0.006726397455397765
ck_2ca91214c357c072,0.117235929643804
ck_7f3132d6be389657,0.015064880919052078
ck_e7a6b925c8f39a85,0.005076826548028425
ck_c886adec7bac250a,0.014295745837934212
ck_c3f360c2d0ea0a37,0.003597759906514704
ck_a7acd5b015823793,0.004126058937936043
ck_9d64187c0800f84e,0.00876390747194775
ck_5d4ed73b9efd7d11,0.0022367337592327716
ck_874eca6776b34dec,0.0012468426374997155
ck_96a9221a87be93c3,0.011408897417139472
ck_68dd79a51eabf5e6,0.03209346078100957
ck_8311cb6755b2016c,0.00043042354559460935
ck_16fc77b2bcf5ec03,0.9805683846847739
ck_ad9e2088a33c8c72,0.00028411543564815556
ck_7176bbc97b1e42a1,0.0015808918877892337
ck_80dfa54b30f65fff,0.8975502945189804
ck_31c54d540b128843,0.0019141585563922626
ck_43ea894480567274,0.014118212163285626
ck_9c9e8a38bd5a6c88,0.008087084603811436
ck_1c2dcae19539e148,0.024806199641428217
ck_b0fa8b84e94d8ae0,0.01174949879509582
ck_4ceb43ccd0a81c2f,0.012852061255665338
ck_ba845332b730b596,0.002782368084221926
ck_73d3e8c6077f61e6,0.04632009068890959
ck_b5d0d223ef56473f,0.009490792161872642
ck_949f08f8e80e93ea,0.0024228384545772275
ck_73de0b49709e5f8c,0.003767763035998864
ck_b5935e9722a39819,0.057666216948279767
ck_96247fee0eb44420,0.005844960571470293
ck_a6def1e4b2d57e0d,0.02266004458186471
ck_aecdc5a96321a2d8,0.023617379145301886
ck_bc61c59970f8de49,0.012493032864733956
ck_c43b4175fc9ac5bd,0.9200435706174268
ck_8ff7a9b23a55fd62,0.006064485487098305
ck_20c99b645f462449,0.0024879227595555665
ck_a5ce2ae36fb410d9,0.0007386511688355278
ck_96fb9bf556842bbc,0.011047730123063126
ck_b5e4c6dbbed1b773,0.020225003089662092
ck_2085433978e72ea9,0.019486112451866572
ck_2c6b174b063ec637,0.008017443244641636
ck_b20b81b88dabe28d,0.0011909659757898393
ck_243c18dbf150831c,0.0021605747280576955
ck_2bb6a17e8eee35cc,0.03287387298356139
ck_66147fb994495396,0.03063807865548417
ck_73f124f075ede0fc,0.019688700865113876
ck_2e315f1b1e533dab,0.0031212928110149287
ck_16c7bf94ed3e7a6f,0.007172032454103122
ck_4a0eae220a762ac5,0.014185625968224733
ck_dc16f939c2f44ad8,0.06579985819543965
ck_817926b449754917,0.0030480398020663164
ck_0c0dde42ab64ef87,0.0040919083453452906
ck_cb3a40594da6a2ee,0.034166873162254516
ck_d0dc156441fcfdcb,0.057321159490868925
ck_66f0945add423e9e,0.008027262209453089
ck_a74f6a3030f5d495,0.019438462819318512
ck_1ae460f331e49ae2,0.00955309275053333
ck_2d177b2f4f0b40c9,0.19677625344847252
ck_92e474e4368c4791,0.03591297751787156
ck_3dee83fa2d109484,0.0017231111451952643
ck_80e5ea27848069fe,0.0030664836891347224
ck_ed0c4a83701ca230,0.004798634310890737
ck_0b8b7c5c581fd161,0.0003774541742973908
ck_60bf8a2870956fb1,0.007983779693270646
ck_73a54b56a2bf35fe,0.8156830734710022
ck_2296d7a563424883,0.003767442789338574
ck_bc19c383560c7477,0.008232695988947986
ck_861d8e3d88f1079e,0.02063779942112475
ck_3f090fc96c24eb28,0.00285382570290001
ck_9a6a1f8102febfca,0.03221178055726901
ck_541b6ad5d2fa5a39,0.016332483317923436
ck_a760d38d1bc4de97,0.0061185935741649555
ck_7dca4d7ee10b4eeb,0.0013960289998411195
ck_15220e78d1545e40,0.0045034772063234545
ck_ca24bb0de508efb0,0.0033947966013323353
ck_56b389627d8f02c5,0.9905555839531658
ck_48a6754977a44db0,0.0029995450157271645
ck_333a43ec339a04cb,0.025818371088051267
ck_f22aacaf86a65d7e,0.0688811073732292
ck_04bd8a1ffaf3ffd8,0.0006581122444076685
ck_2737a72de6b700f3,0.021543089925868668
ck_c35e03b0dd0c3454,0.009772834890216945
ck_e0571312f395cd94,0.012181987116693079
ck_09fab6b9825001b2,0.0022087912188207986
ck_18c3a095606209e8,0.006877225911293808
ck_2a97db9377d01e36,0.0027573509393365564
ck_f29dbbfdd2786bd1,0.003776537985129398
ck_35d6c510ad29362e,0.6197404861770635
ck_5468fa99c945d785,0.0049182002806461966
ck_6f8102f62c876cc9,0.007539863599730573
ck_91955aab3424ad16,0.001996323410821823
ck_9a43c0c73a39d759,0.014156913687557943
ck_60b023af6d1e30bf,0.8196701998058702
ck_9704c5cf8659cedc,0.012854802968890933
ck_7e5f02b51b9f78bf,0.08658069277725744
ck_7d3a88d1aa649708,0.8358335826673648
ck_8250eddc1ecb07a0,0.024927912841111753
ck_d979ef95ee44023d,0.006648772201710279
ck_5e5461dac83531ac,0.003565617770335111
ck_d1bb8890081e0a31,0.008260803402309284
ck_32246c62640648d9,0.002034683205231512
ck_77a40c7d2f862a32,0.00815871653778116
ck_1c8b94efe9238f5b,0.00249581907977369
ck_eaf3b6d11bc3cb11,0.0017286858422629228
ck_a4a7ef3ad799c380,0.00438549467543993
ck_d5bd8f68da073cd8,0.0023879027660621416
ck_6e6258227fc8db7f,0.0008006882611565758
ck_c35d444e05799db6,0.007969797873410095
ck_74665e1209140ae8,0.005772646923684942
ck_353a272478f7e903,0.001970718812660367
ck_a2c9796ea229a4e2,0.0020071000832859896
ck_e0171f91cb3411fe,0.008093657234566202
ck_703499f5410280f7,0.0012314437714555045
ck_ae3a763997f8f385,0.027630038488824032
ck_f7ff94c3df5ac874,0.007078105052742474
ck_f3c16d8f747db046,0.04455090670929062
ck_7ef019ed77276496,0.0022932281138143837
ck_d6a4faadab58a3de,0.00663670979433475
ck_ba7b78d31d74c794,0.004224232300054397
ck_36287d063350ce9d,0.007068080366129846
ck_5177fc7137ff26ce,0.0018546620714807946
ck_dfd4e79aaa967b63,0.002973953495525842
ck_fb44d15fb93a7157,0.016504049069919716
ck_fca478361870a4ca,0.003987565455534445
ck_e57b94fe57341058,0.0074539899139294385
ck_5448c946cc4758fe,0.008045415714986199
ck_c5ece5ffb8800ad4,0.003724704071811133
ck_11cb98211b2ed134,0.9106820098840007
ck_f655399ac75c4450,0.0030467380045222483
ck_c817259019588d30,0.010029710969908599
ck_8740a14d8096c6e1,0.008539972030396945
ck_0c5ba86f4e05b38d,0.01183145247967084
ck_ccc917533d4b73d4,0.00924664485259505
ck_9eb80edfa43203de,0.004784690651986239
ck_d1a1cf4cf61d6801,0.039719431605199154
ck_b17c239f160e6017,0.004017305236577422
ck_410c3e13b48e0415,0.0016351185577918544
ck_ab553954435e8854,0.864717553322824
ck_bdbb4230c91e1604,0.007505125665794384
ck_8fd4937eadd64fb6,0.0014532243024454406
ck_e0e90b196bef3c11,0.0008228791307816719
ck_3dc4d464386f0eb2,0.018610014417421918
ck_51bbbf8f8e8ad005,0.997554293402852
ck_c05737ab74cf03c6,0.18796388772756473
ck_dceabbe04d99afc2,0.0012401879500253251
ck_5b86fd14e85bc9c7,0.4499424094395897
ck_d4febf0083800424,0.02794784765422374
ck_77d9f86dcf251739,0.00798142250583314
ck_b4dcebc543deaafb,0.01194552322608041
ck_cb856e75c949b0cc,0.0004636523743286597
ck_61b067de8ffc1ca1,0.012969304346452836
ck_c0e8560ccfd9dd9d,0.0021297967565095236
ck_173e1198c341087b,0.004946355822937327
ck_b4d55bc809000276,0.05612555046804587
ck_839bf139296b5cea,0.024634904739924916
ck_78cd402a2a4f2e35,0.0013944622856672066
ck_c2925c50ebacbdba,0.0007535498403305323
ck_5e3bc76eddbdb0a6,0.001070740241439875
ck_b7793edca26fc512,0.007373592145948521
ck_d79bdf04d6f31cd5,0.00265521736127366
ck_4b97d19ed946f503,0.006405228887802579
ck_37139b41c5370523,0.17891753878800673
ck_8c346eeefa9ce692,0.008194247091779313
ck_2ab7eddee2d8c49e,0.0022097356110410632
ck_29da59ea3bffb9d8,0.06048964457016034
ck_c1d05ef0ec6e4be7,0.0055207176049912945
ck_3882423b449f6291,0.9463167878837778
ck_5647030283171ed5,0.5841474253506589
ck_efbdcd9c181e72ca,0.002494125527926937
ck_192fdad892782daf,0.06167603707538851
ck_0bf2e13b9f2601ac,0.011280740830607512
ck_3d6046a533057795,0.0021251745623912556
ck_279a1d3a3836e5cc,0.010424526023702448
ck_c375e929becde422,0.0047072836442388424
ck_a59e90219939a1f0,0.0006988002235172407
ck_4e9fba1ec54c3ff8,0.006139345044415006
ck_bcbd8588a13f5eef,0.0010411487385814766
ck_5f9a7ff990341bdd,0.002013790598251493
ck_e0403d507519b7d2,0.01158111570988917
ck_c9490cb61aff5112,0.02316722466525786
ck_41dd44308e6a665a,0.10963881246121898
ck_76c23726cd7ca947,0.003949685294930203
ck_9be551300209fa83,0.11733578158203253
ck_a98848eec6c9581e,0.010966191254720151
ck_61176dafb33b2d8a,0.8604209265778391
ck_92de019e05971ce3,0.002697265678360343
ck_5d644224135d7c65,0.016169522950469133
ck_c767fc454fa215d0,0.004157698187131995
ck_5df85a8924e11f27,0.02421314361652779
ck_da2729307af06ed5,0.015606673642616564
ck_7c6b577174af7a78,0.002754494397130703
ck_893b8afbe11301e1,0.004644039207627187
ck_e06f6fed020ae014,0.00361237669528703
ck_386680372fb54857,0.0031198084786872647
ck_7a7f3c4fe0c9d2ca,0.001645605151720172
ck_f908b527c4db422d,0.016402437715423854
ck_ec2eee6a133e9a6f,0.03889127459673707
ck_d98934f9fe0b02b3,0.002742876330974901
ck_398a1ed77b0130e5,0.004197462205572308
ck_d960af7a55b892b1,0.003316732052536987
ck_4637e54a9f79e2e7,0.0012967707439505772
ck_02b9f418524f6650,0.008745609476838482
ck_d4b23804cebb045d,0.006072840226780334
ck_35b1939c48182a9a,0.009950997751750627
ck_2dcbb71e39d64305,0.008753908145461734
ck_47a884dec960ff2d,0.004008147953163193
ck_71fd8c346fde5cca,0.02377565368058071
ck_98e1992ac8e7d2de,0.06694338109012292
ck_ae7780327e210522,0.005585059934695128
ck_e6c584b4b1ad6d9d,0.005563702250731932
ck_344b2e326a6c3dcc,0.0027260878254710156
ck_9aa899a5230b0963,0.0071504211872932735
ck_e48d14d5b70ef5aa,0.044214754778451236
ck_59d380a0973b3951,0.006036012539474144
ck_11318f7c041a5ba9,0.004592911170537011
ck_7061786fe2f22f5a,0.022294320007899236
ck_e77529651c416cf7,0.005939645733089134
ck_7f79878197340435,0.0012695411545890762
ck_b0a0fb0ee9ebf106,0.007627426707461275
ck_70c7679199776a90,0.0030237135929390333
ck_b9facd2210daca5c,0.028205137610987085
ck_9949f53c155b8dde,0.009484237642528355
ck_1c607e24f2c4397a,0.017126997549425906
ck_aefd1ce3ce093cbd,0.001805778828143791
ck_5a29b7018e43280c,0.0006595749648452083
ck_69eb0b2ccfbe5f95,0.018179526279913476
ck_fe037765aa465c58,0.0031626870297914666
ck_5e512ef5362a3dd6,0.004940885412008767
ck_544a9e80b7fdc279,0.01225067349944562
ck_7825494e654d5695,0.011389761657832988
ck_f1f2c3c623553f0d,0.0021482935624216144
ck_52730906e5b461eb,0.8002415832660066
ck_01e0689157fe9617,0.7676678073710773
ck_9da82e567074da9d,0.0031670193855961952
ck_6a17384072f904c0,0.0023572645622887403
ck_8d84d771a21942a7,0.0013624614881864248
ck_39638880292782a7,0.003627893756021465
ck_7d51c86e0eec72ac,0.007415995222714808
ck_45f4c821c70d134f,0.22858756350643072
ck_0af3c13ba56ce57c,0.000722013303652647
ck_0789a05e061b2784,0.11212893468741211
ck_6ba091eb42ffa9fb,0.12008113551774786
ck_265accb3c5c32620,0.04066163764272483
ck_179039559ff7566c,0.016731282671399977
ck_17c0a6a92b5765cf,0.0031034553317377217
ck_59371c9140239fd7,0.010316778276917932
ck_f9c4f8b4ce2691f0,0.009943205383701371
ck_a2637e4872cf4811,0.04266836260625035
ck_1de43fd6c6c22a5f,0.07456610463143487
ck_6e4f31bd108571f0,0.0013412574056841358
ck_da06d97db0b18851,0.000794250640868992
ck_e0346d5081e640e8,0.049602415420991794
ck_c1c7d4e62c9fcded,0.09036254870351937
ck_2595669e421299f6,0.007610744505747323
ck_3b6057d51fd4c7d6,0.0015606490661946913
ck_c5f8ab515840a0fe,0.007107808733003004
ck_435cb24538c6f77c,0.016072681818396946
ck_d84b5403da4cea7b,0.015027932151961293
ck_c2b61a98d1c8f6dd,0.8792622349013781
ck_c9dcd92b2f836b61,0.041031422917425384
ck_9eb5b3f5f672c2b1,0.0009692335390484175
ck_e4cf189a8d31649a,0.0005737354521223405
ck_6b114f2a48152b96,0.002053610458449743
ck_3fb95862b70f505c,0.018705201715619853
ck_7f780f465c29398e,0.0024621774509811377
ck_ee387f9da79e67ea,0.008450898700820227
ck_fa3b1e85d27af2ee,0.014519044579022705
ck_e739eaaa7a1822f2,0.05148728673608176
ck_dfa0ac11fcb1dabd,0.001431715048536317
ck_6e8751b571ea54d1,0.005712179441496895
ck_2d695f8358383092,0.007750941060477884
ck_e7dce27edb700f27,0.019988893907141137
ck_e322da8b213eab52,0.0006140041736989312
ck_d0b32e039abb8200,0.004497129414711134
ck_b354003302b272ca,0.004186860303288314
ck_f7485cba392bc294,0.23240609695126282
ck_d6a290ff8362c7b9,0.059412375016295246
ck_c56a44fe315c0389,0.0039478639205957535
ck_f77dfe6512eae322,0.006614740505845988
ck_35fe969c58b9e70b,0.06644484886031694
ck_4c518637db2322d5,0.10790265085584753
ck_cb61902798ecc4fd,0.014091616756834452
ck_56e6cfa32156a916,0.001145606137033029
ck_343e6ed2b9d35c01,0.006217390476875684
ck_51440f64f7250ad7,0.025886148355537698
ck_295bca29c34cfe2e,0.02885530635654014
ck_dd30558576b45e7b,0.0017387866760887626
ck_3a30132a57181fe3,0.014014472166914715
ck_4a733aeb833406f4,0.0029538442078955417
ck_1b0b7c3d35ab1259,0.016488733925147665
ck_962c3bbf27cd4b80,0.022445233354496025
ck_9528e1d6b1707870,0.010439946068377382
ck_b3263e7f31aab45f,0.010150396810622749
ck_e69195a3c885053d,0.0013120728557568524
ck_a907fa8795cd4baf,0.004328419585939176
ck_205c3405045bd835,0.0035637700983154872
ck_e81fc223bed3c46a,0.056404878120865254
ck_363751deae40edfb,0.0675459034934324
ck_6176baea8cbebbb6,0.008309642061210584
ck_633e6579f5c74a5c,0.9363073670311286
ck_ddc11fc481eef58d,0.007518197711831718
ck_e975002c979e12c7,0.08952360958759716
ck_8e039b23acaaac00,0.031672276611894284
ck_1d6990d94a4d2ad6,0.00905248297640886
ck_e7b583acaa3171a2,0.06661575939757276
ck_c0133f60d39b2fb5,0.009067732204460551
ck_7d6bff85e7a694bc,0.0009995424086279012
ck_d305b4d82f63f647,0.0009034409628257512
ck_22bd0fc71f95e048,0.025726489292580833
ck_9a65fcfc7916f93f,0.002308434669371205
ck_d61c837b0106085a,0.011586063375552604
ck_be86a1db08dea456,0.010162200394916127
ck_90489c405e6886d8,0.0016783605088231488
ck_0add2c321d579d75,0.012753664984704972
ck_482dea6eed92cbbc,0.0035391526153540588
ck_c24b47184534cc2c,0.9579953173587878
ck_fa04ac31e596e7d6,0.035392683758042984
ck_084322dc5a3a86f0,0.002396657762234652
ck_ccb72a33cc1877b7,0.003623532484674112
ck_afaf374009d3b248,0.005092130450546439
ck_b53084ffede19a8e,0.0006005505107280558
ck_4760216154c8cac2,0.4601703298892553
ck_37ad3a65db673e70,0.001227404028699585
ck_0c2932cc0d553694,0.004463758538359945
ck_86b853c52f20fef5,0.001517090497237727
ck_38703b7546d35a80,0.00923959310559133
ck_218b7e6e6dbd2da0,0.002749328094876102
ck_402db4184982fdf5,0.00647984556896974
ck_f917c82af80e4a79,0.04695817701325944
ck_3c6417a233c68c73,0.020949316609606906
ck_98068c397d70dd3a,0.005913528964708453
ck_b1cbd6679c0f8d95,0.007053460531778163
ck_9e962f9bb0e7bac2,0.00526684185353154
ck_b08247c3ad567d92,0.5392298882181714
ck_3ef7a03ebb81cfe3,0.0007845918334959994
ck_5d7ae0e3562e99bf,0.04451277977362378
ck_c91a628236baf91b,0.048319893906477035
ck_7f8e816ca51755e3,0.908843561959132
ck_5aadd286d188f5c3,0.0031264013749155253
ck_a037aff5f8128c73,0.00156485840694921
ck_5df6529ce8290906,0.006638138827778602
ck_5f3609511443e5a8,0.0013427114237292172
ck_a6f61864fac3c8fb,0.004263808941390678
ck_2733fc6ba23ae46e,0.009926093567014394
ck_22bfb9246646eb41,0.8586296119766544
ck_bfc2a57d8fd1610c,0.26516251021742065
ck_49839e761d0e74e9,0.0025113209841127705
ck_aa4ba931dd37481d,0.0029720045530177886
ck_2f9fa0d61829f815,0.03155040904858941
ck_5b82c774df10d49b,0.0009020287014378962
ck_411219470d0a195c,0.012643288935320596
ck_d07485ba10514a2d,0.17371120516403402
ck_219bef979ee21bdf,0.0016196875981021601
ck_eb1006e7285184a6,0.006999668529629801
ck_fd242b18575e3063,0.04262493006199784
ck_95188150ff059c70,0.017928796912916607
ck_a9ca2f447b984a6a,0.01388085856413058
ck_2dd39723c4088b64,0.004294102081009445
ck_aa2b4c662ff213b6,0.011555219804161113
ck_1867b1199c864db5,0.037130510790710315
ck_850ec97a5a0dab9a,0.006203358195445544
ck_562320295fa35875,0.0012213766257389794
ck_bab5759b07fe2bea,0.0013576898589807427
ck_b9f1465d803e57b2,0.033811301157461136
ck_8f21f2690c32c691,0.06480358988463186
ck_df87d6f61a63eb21,0.00241351539933246
ck_770475876d0e7e6a,0.0049131093918732245
ck_b4c014d5c0cc9eb2,0.004683537680635805
ck_3add4d23124c9290,0.002298417080228374
ck_bce5b7fecfb6264d,0.09506783062594196
ck_604c17cb97dc89be,0.02461066624015316
ck_e52cbcd9aafd26b2,0.003280035059952221
ck_0ac9114076f5bf3d,0.00398210132451541
ck_dcc125b178b79566,0.0004864986469477909
ck_4e333c09f0c37dee,0.0035737911080408143
ck_ff7e31ff8ba731e5,0.004035162081075303
ck_8d0532d24f1070d1,0.000869863159308467
ck_3689fa41748a6f6b,0.020265473843627757
ck_7509eb97c1948b16,0.018252946811805594
ck_a9161cf1ca22a6bf,0.004274491950755833
ck_bed3e3db135b782e,0.03967810545523927
ck_9040edd974ef8e3f,0.7343861078083487
ck_fac32d76ed40f683,0.008838550905220299
ck_3d7b1078e2d57c69,0.002494593684328833
ck_dae09c4e074af5dd,0.004605177083760907
ck_fd84507228467b40,0.03192516398364885
ck_e2a2ce9b8cf44c63,0.003125342157397648
ck_cbe716f351d660d4,0.006148144892129412
ck_cba4162ef29a6d27,0.00748333251295203
ck_4f1e962ff8a29732,0.0027998067672556125
ck_39a81899dded61e4,0.0036465086450068337
ck_25382331551d22a5,0.019564243201968153
ck_6d64e1c07b19856e,0.005392949017910161
ck_165a868bdef28ad3,0.016914835350653433
ck_88774ae52e30e877,0.01601973286583318
ck_fc7a9d0643570053,0.0009435129606101651
ck_c2017120b3b88a46,0.005340088104268674
ck_d115ac6b9fd62a7e,0.003189494940742041
ck_439cf7d51ec7de0f,0.003139120606032124
ck_2468a7e9e68a0927,0.004109693145968219
ck_7c418947124dee8f,0.04149665933785039
ck_fb0cf32c4a56f740,0.004784500378481232
ck_694eb6c43193afd4,0.004771182940043435
ck_993beb188dd4abb6,0.012967754540243936
ck_77fa39d3b733c226,0.09720926098360715
ck_49969a9abc47cb69,0.003752635470418364
ck_d3f44bbe2f7e9b2d,0.007574197021360855
ck_fcf5b8216d0c18ef,0.0017233099101366567
ck_daefe1e2d2bc362d,0.0037577348359873904
ck_9c9287cb28950eb6,0.017525380218523633
ck_c1d1a625b885a975,0.016092026563671858
ck_71b37fe47490b4ba,0.00207589425148172
ck_5d16e257c0635f7e,0.34129888917373263
ck_15918075563eb074,0.0016076445059142897
ck_9a15fdefc47e8d11,0.0044888240967577275
ck_6f04d047d1dde75e,0.0006893245167915593
ck_1af2c0b3b8d202c1,0.005587017604057727
ck_174be2231c5fd2b6,0.00026529740803487906
ck_bb0713a2a1d65982,0.0048187147530444
ck_0daec63bd5b0729d,0.027101071950236
ck_c0b5cc3e8ad2ff44,0.014758572562542973
ck_35bee1fc12664644,0.05462511819275586
ck_a1c7cf63467df4c2,0.0035081817873438316
ck_ecb1e15f0b185ceb,0.052051104559378704
ck_f280d31f54a4710a,0.009603352548575724
ck_30f4b2ee8abe1342,0.03455198962984005
ck_66bed631354de5b7,0.0019192604650936022
ck_c2d3ecd7278eba2c,0.0029996524765793587
ck_e901dec0e09eccbb,0.001071325590388604
ck_5d038ecb3c8748a3,0.003072609496257199
ck_283c5bea94b21e80,0.0030071648032583163
ck_7956c251b85f009e,0.74384526042762
ck_9f5f81d771146aa1,0.0023822432849868323
ck_9323e6fc1e168eda,0.9551418861358295
ck_10495d3a635b8d69,0.07355454813144306
ck_1982d571cd36eb0c,0.0069681010413951165
ck_4f5d7985bcc2eda4,0.0011169802708709104
ck_7df526b2b4410bb4,0.017244978339102386
ck_dbb498b1a346a402,0.0033704425249229007
ck_ef059997563e3330,0.0023446804586945854
ck_02ec4e06709e6b82,0.0016108285809203898
ck_9782c86ba6485f88,0.0038814418770967323
ck_d69de468b44143ca,0.002075150806674195
ck_6430a8792f400e0a,0.0014284715165205366
ck_8285bd3c90af94f6,0.009566837514049216
ck_985c9ca112000e9a,0.023281297248658673
ck_e679fbf4f4f4aa07,0.0019558959028873214
ck_016e8c8eaf9d511b,0.022781533833368617
ck_bc996c523944644b,0.015051275105429075
ck_5b8315726f6204e0,0.007561376883089344
ck_78181f8e998e442f,0.0015802098497961349
ck_71c68dfd011dbbbe,0.3604364860524568
ck_db32c95ce2b6f502,0.8966972678301668
ck_755010362a9b1bc4,0.0017414832953908908
ck_114141d85256c9ff,0.00048219291190169467
ck_9d1a5cf5a3b87e48,0.003139376985090378
ck_ab640420858ab5c4,0.049271937359535126
ck_97a8dac48dd62488,0.10408128023740992
ck_879cc3166fe1bada,0.0010208100458158008
ck_b0ed11080076e381,0.0014959042355492586
ck_7334a9ec656263b2,0.0014066634102225435
ck_6494f0ef13ce44d9,0.004654046903421555
ck_724e459b9ece38f4,0.011357275593921329
ck_7fd8b1470401695f,0.35694460311285986
ck_292f81186358b0fa,0.007800707139918141
ck_fa7de64d37287615,0.025070395253613608
ck_d00e09e66ed6458b,0.11255685344790652
ck_b8d210e741be186e,0.0014832481709592458
ck_3db59982cbae4410,0.020384454044829737
ck_69887d0a9aaca6df,0.001615929519734773
ck_4feb21e2fb0b3977,0.0053258851770205005
ck_08c6cc1e143475e3,0.003914276436823181
ck_fe6e168cdbb46b9a,0.023658060029248265
ck_07f1734be7fac56a,0.035865859026054
ck_d66d59981307db93,0.018843258121605276
ck_f928dba0d587d7c1,0.0028856405048175637
ck_786448fe3004cbd0,0.0018651624857503474
ck_29ea329fa40ace62,0.008987744611643773
ck_7ea52b6f27edcb73,0.006978473257992043
ck_18bc51bbf3ef198e,0.012021787665716212
ck_44950df09ff14ded,0.0012731198705184306
ck_c1466b52c0a10b93,0.019866885887293347
ck_6cdac067cc4db5c5,0.03041969259483892
ck_53f55c6e8cf2d432,0.0031070089963689015
ck_95945f48453ca532,0.017176094618567686
ck_87cce4126e215153,0.022924160868478184
ck_1ecd5516c92caa4f,0.0007965298542905343
ck_819b482bca14c068,0.24571059908185272
ck_a61a879dd46fc9f2,0.010541603065198142
ck_af70aa32c009c3c9,0.008177038820843786
ck_f4fe78e249092ab1,0.011970861903278982
ck_12c46bc52bf45b36,0.012250486702240479
ck_f05f5e4b40afa52f,0.024799820860228663
ck_0f8cb09d3f4fc980,0.4384397343516948
ck_80a64a7f0275a71d,0.0030628714957026426
ck_683af7b1540a0b22,0.037758832618363866
ck_51fe0b613c076cbe,0.010349248830627728
ck_da1a2450219dcf19,0.08003866832423343
ck_2a7eba01ceba6c2c,0.29972072757178114
ck_4e329e29dfa743ea,0.10837594829166922
ck_0274d881d6db82c8,0.006536510039249483
ck_0af5b7d128035b35,0.007175010538458685
ck_ae0a7be6b0a0ea68,0.0056169501519150134
ck_de5bb7a4d091386d,0.22934593390282815
ck_2bb7c17168a9d17d,0.005116110821808665
ck_0ffdff7b2f5fdfe4,0.008621227488720117
ck_718a8390b3d42d7d,0.012671371130245615
ck_7c4f12d70f184533,0.0021606354161934774
ck_d3e2c26b8adff099,0.007268196455096484
ck_ac9d3d9754104cf0,0.001089098443334005
ck_3b1766a1d51f8f0e,0.6443836330318148
ck_a9bf75bea912027b,0.011647676039611695
ck_687eab3ffe1f8cfa,0.018158498730810924
ck_25dd0b02af5b2f37,0.013287265952443946
ck_1747fcc466f0ae38,0.0012066434131073399
ck_f6e9d14dfb6f3c28,0.02942931180149841
ck_c6a7bbd0adc4d5f3,0.017588510191451946
ck_46656a23f4456d22,0.8868562510253921
ck_7519260415c2998e,0.014705378107537678
ck_754f30ea19df857c,0.013590019619832083
ck_ba88a244d5f7380f,0.014915704172383585
ck_f268416945316815,0.0060586020244928745
ck_21860dd2159dff28,0.002022031730541031
ck_7a86ef4e2beaec38,0.003280461879568105
ck_0414507baeea936a,0.012076585065825898
ck_60796eb60fc3043e,0.0018011928489019267
ck_1e0841ed17fe0562,0.0046017375778595266
ck_0d641d32658d6e0f,0.0008266726165283093
ck_b36086ae6d87eec1,0.0018914254589009493
ck_962e65ab33b5c311,0.9646782340902101
ck_b046a42684468e63,0.005845903844631041
ck_ab3426435b0017d6,0.03437803166182883
ck_fcfe06e44d09a344,0.013391307440367334
ck_0f6d916c92189516,0.005247517258596612
ck_d4c8f0d957c3965d,0.017314407210559227
ck_2ca83dbd728af019,0.0017370022604969067
ck_2857a4ce9f72fbfa,0.0113107493475102
ck_a60e6edc48e3d0ac,0.17131900742381928
ck_0cbd3b27063d4415,0.06494870845738676
ck_612089ec90c37219,0.003489951701115998
ck_ec4e597f17f473c6,0.0012292543140632478
ck_1c93cc58f314bf71,0.0078978590218961
ck_2b359a979520276e,0.001173351546402139
ck_1496568ddc3b2d56,0.09290529517879118
ck_41d91dc9f5063566,0.023472692146393376
ck_4c5ff58afe3d7a67,0.0009009021134567658
ck_81709736281fa3eb,0.0014459988979810226
ck_d89abbab3d4957aa,0.002292036880071337
ck_52453401f88935da,0.013829586008779416
ck_a477654d34783e06,0.0016762797816113
ck_72dd0dbdf808cb00,0.02227818112496469
ck_c183dff3781746cb,0.06241742408325849
ck_c8b7f241810b45e5,0.0007555284096945442
ck_f88028c3f306bc70,0.006959683701399007
ck_91d48d69e4f5d9c2,0.018088280765111008
ck_b74b9ba6d7c9aab7,0.05804622085262776
ck_03e904682dc73bba,0.005630718514720684
ck_fc6fed6ea96a004a,0.004928321947486244
ck_51efdd240e34c642,0.018266838067168813
ck_e78ab4ff52b5fd2d,0.004165310465024368
ck_4af7b97c24d89a45,0.008643343004355894
ck_295c0072eca7f7a2,0.002526013770504633
ck_8abd1a50a9227463,0.04697493570673801
ck_ecaa6f13304e3dc5,0.0009152086172407034
ck_de436e7b319be1fa,0.994186401193706
ck_c802cf8f61466027,0.001058987925305946
ck_3d83e0a3c1cfbf8b,0.0040849914601513585
ck_28d2003c2d16e4b6,0.002218313581808717
ck_8ddaf745bbb9cd62,0.0007333425686970716
ck_493b6256091014cd,0.1560185909771417
ck_a2245822cfea997d,0.0028119823980298432
ck_f7305b3c64cf8a03,0.10013479606804383
ck_9937dad93a0ed3c1,0.001155237752041338
ck_d654449f9231ad76,0.0018082869955800551
ck_850e2b59bc535490,0.00873424819850263
ck_e55e5bdfc0242aef,0.034057605279552
ck_d35c51e981b98c5c,0.005545627716139031
ck_27cdf9c5e6f0915b,0.006251728983118146
ck_d328db1e1052d820,0.010109561244642396
ck_0ea30eff5f361cba,0.003865491536672861
ck_9994323f97109f4b,0.9875277977064283
ck_09054e97bdf9624e,0.0007094892752232973
ck_723b4afc388113c8,0.00270321646836194
ck_588f6e6a6a6d93e8,0.0028560205658302966
ck_e1d563fab4d6116a,0.0030652781321316544
ck_53aca610e20598bc,0.011122549693574848
ck_c8131ddc7ed33448,0.0020752691749162918
ck_899f88464305824a,0.010128905471054528
ck_1c17c65804f8889e,0.0031547190540566527
ck_45a16ce12893cf9b,0.0064982074537809995
ck_f9d481aa4f9b2808,0.7894825593369216
ck_1d5d74169cf892ef,0.0243232448216893
ck_aba32acb61c1aaca,0.04205453375832263
ck_ec4dd3675a8d28cc,0.009440633496793248
ck_5dcd443fe0bbdeac,0.0014164191683520874
ck_3a47e3f54475e854,0.00047583878361213245
ck_a9aa5c344c315532,0.005200308572281953
ck_9652283c9f61fcec,0.00555166606321215
ck_752dd3d2487f78ea,0.003867113704941082
ck_a821980ac4db9943,0.3690111277337186
ck_93e0d6befb67f7a1,0.007848732510669205
ck_e7a3881c3e36bd51,0.11546971630925174
ck_12631b78f8a03df2,0.0007958664939199296
ck_57b8226610b48854,0.0014084436421183308
ck_352657008983fd4b,0.16763137971250475
ck_0841a5c24fd3dd28,0.005901402073370065
ck_db9b9d5d30f74070,0.0667326589987631
ck_a9dded7f6294e44f,0.021914979986224277
ck_91a16336ce3217dc,0.00492144250656241
ck_371bd9388b287677,0.0010556275758411636
ck_f285e5e1912a7c62,0.003499686315492626
ck_368b65fca69fc415,0.03050783499988034
ck_d27a73596b6500c2,0.005387913485808419
ck_2d963f9b2c4d11e1,0.009949074136997724
ck_7c500e219af39486,0.0026826872146631245
ck_7d025dea5951cba7,0.004868671946255803
ck_32f632706608859e,0.007687019336769646
ck_53816231f3ffb48d,0.0056872079607363886
ck_9dbe184e81c1ca8d,0.12536398168681195
ck_d74123617f22a21e,0.004813924478025158
ck_275386782b1606f8,0.001230206827913171
ck_0b0e79d33e50cba5,0.001377555726428972
ck_ba93cb604f792915,0.013306215258926843
ck_a86cd653472eccbc,0.0019460171048962106
ck_87771861e0447210,0.06758378336864386
ck_212380e0371d8a6d,0.009845416754125797
ck_ef0d702d7b0ed745,0.0027224610614291203
ck_2b8f33e22f939372,0.8133341511485217
ck_480347ad92037105,0.0061826985365054194
ck_20124c3a16c53ce4,0.14564815571431985
ck_c9e1e3229baae708,0.005278862499595154
ck_b1befe967f7a5ebf,0.049595343305975995
ck_4672167d7c989bbf,0.02341294261259979
ck_f0c44ee5e3a42e3d,0.0038723239104870586
ck_c416357d20238a4e,0.004995349204602298
ck_d0f470f8078c91df,0.0023975014708944907
ck_3a70b4ee59084715,0.0025619949776660173
ck_179ed66cdfc1ce27,0.0007697618666020218
ck_387e5a7f163c7837,0.003916060984609415
ck_08fb463e69f647c8,0.9863349364325525
ck_732f725747393ec8,0.016237568274733046
ck_7cc5e0fa3ca5a713,0.0019023899778822493
ck_ad4a4daa826ac68b,0.5520718533467013
ck_472e0be7a3b533bb,0.017856697104222965
ck_7190177963eafdd9,0.01029746142735203
ck_647ac26c5900f082,0.005063647850670186
ck_272ae2179bbd8e58,0.003081830560769946
ck_09b0d8af304646bd,0.000892686466556517
ck_ca0cc8ea9f344408,0.002241991358997906
ck_332ad134fb909869,0.010526480554823187
ck_fca2798914627dc8,0.11399676781667452
ck_4450b55f462ae134,0.0016791477357336864
ck_d67d9dfb60b286b9,0.0006918286504309621
ck_a9d2bb4f2bde7052,0.0028142545016625322
ck_929bcae878a3ecb3,0.5884856618038935
ck_59a9e000fa275e1f,0.009192752924077036
ck_57f17254e2688637,0.009036373958724407
ck_0508908697f60ce3,0.0973288843389664
ck_946afc2943298d26,0.0016588104217291997
ck_7176d12b18f2cc0e,0.006934509796269775
ck_5c47b49c26cce286,0.008558624528288813
ck_b6a2bdb2d335e1d0,0.9967207912701056
ck_1d58f6caaa4d012c,0.01341527118530313
ck_71c917295020ccc7,0.0015102086673110496
ck_bc89644ae3688995,0.008783355864091956
ck_e7c212f16d6df272,0.0050222038643828164
ck_c6d2e11a368184e6,0.0014848400073180865
ck_eed7f1f7548df15b,0.00626506988037061
ck_75b69034000ca7bb,0.013160789182253113
ck_38da3bf629458682,0.004293579429017974
ck_90114c891239d821,0.0008948773396832513
ck_8ee08f6777cc155b,0.010500019822606167
ck_bd86132499defcd0,0.0028570411047067605
ck_b95fbf2b5640aa82,0.003205194912924439
ck_c530235393360e3b,0.003169568121307015
ck_be52a7ec43241ba4,0.15395791955874133
ck_d96eb3cc55f2772f,0.03772255414095958
ck_dd34f0a844fb115d,0.08106869550580938
ck_17cc7b411f448e66,0.022254661216815203
ck_856ea65fa27d06dd,0.01683962321252345
ck_056d5f0301c30902,0.04290539413807743
ck_e662b14b2bab23a2,0.07961420770931936
ck_209f574c8d92274e,0.008039645082240702
ck_62720b81617896cc,0.006163923498050927
ck_041614694b77e599,0.0018724740321335218
ck_461e3f7b97db8d16,0.01589686091773935
ck_1b74b798eebeabdc,0.004857433250766507
ck_0ed2739384f1d644,0.003824672932659251
ck_5a4d19f1b83feeb8,0.0012766752797029664
ck_463937167965a1f8,0.007691274472369681
ck_9d7151dbdf100e0e,0.00772655674394968
ck_20a7d1ce6cc27312,0.002188873753376827
ck_6031211ff118cf0f,0.0006164251414380151
ck_a6fc92aa91e99b77,0.9828434590610298
ck_0aaaa9d2f75a0518,0.009660036035549576
ck_ec26e327cc1848b2,0.005366942111432609
ck_0e6bebf8ae9b9b03,0.00567770173179956
ck_e107537a4cb738f4,0.0014944374019194317
ck_e8ea56e122a5a487,0.033536273922165495
ck_98149ed45d38c4d3,0.007528743440210902
ck_0e719b3a6906b8f1,0.0005923739178251618
ck_0c6e7bd357e4a348,0.0011097800011587323
ck_d3b2b250da61db19,0.9310646134606838
ck_8bb6b0a292754576,0.12322911834570527
ck_87d70f5fe48a6128,0.010696640629554171
ck_ea9edf9c107d429f,0.006336290467139677
ck_059806c52cebe4f1,0.055572836459094756
ck_a72d6df666e1c21c,0.00595463072665567
ck_1d2b80ab6c4944b9,0.003791518913959773
ck_60557f077abc42ca,0.5370050798305174
ck_e5f5cb7dd6ce4a37,0.009338490001532867
ck_4c4a939154446053,0.0033331177190574594
ck_50ede3eb561a202c,0.009577458236891935
ck_6d03a542922b2ae8,0.011495621924024937
ck_d6fe761ed0db3270,0.010041812303182742
ck_7f0cd6ea3096f985,0.0026417654757679007
ck_23edb6d938a3b87b,0.0012013773691158215
ck_799aaf9f2b9ef621,0.0025748893119173174
ck_f8f6a03613b6dda8,0.0022159443881092956
ck_7cffb189f4f514ec,0.9556713596480908
ck_c081e1967dcd811f,0.017631640157996138
ck_583d6ca78c97d91e,0.09290812030743413
ck_9332bbc7125219a7,0.0033707644588452713
ck_956b5af6d7d86c65,0.9723618504316651
ck_2d634e3f24681c0f,0.010527744865463855
ck_7b35d218ed0c5a60,0.0018555274662623098
ck_ca5b1057f8248f73,0.009991357561809737
ck_ec5ea81cf813597c,0.00955149319574874
ck_eaebaf4d28400fb8,0.006039104435141988
ck_ae2ab6be219219aa,0.002345659447529548
ck_d99a8b4c820eb46b,0.003320477844490742
ck_bcfb7ffb7cd428bd,0.004213990226265683
ck_3dd542c2d31be2c0,0.0035949779895384907
ck_c7dd84401e29a7fc,0.002311141239328491
ck_c4bcc7cefd40f8e2,0.00108996765510896
ck_c251898b5d51e3b0,0.0025066121186010184
ck_36d37be780c1291c,0.001923415189675405
ck_99b4f266b61ae7ee,0.01287662302675861
ck_c37f03995f0f0169,0.0020085328256619446
ck_65a23ac8e44eb901,0.0019855307098085072
ck_644b1c1149eea9e0,0.009911884855786857
ck_9cf44eb0237c2429,0.012138399423835947
ck_20541686a94fb71c,0.02079973008232435
ck_c18245be844680f3,0.0029642708577458945
ck_56de216eda6b7fa6,0.0009976176833896198
ck_406c4442dee45cd1,0.0011320451307105625
ck_df1585c7d72a96e0,0.0005504592265129572
ck_b8e8dba20676d87b,0.003560316638966684
ck_0ee6965e68efc177,0.013124316077007769
ck_c2a5c54ad8d0d297,0.04768474631242102
ck_bf6fb7e6470e95cb,0.0007012565663317278
ck_27fa694569140345,0.0006263841575875498
ck_e04166b0ce66393a,0.008772982975997018
ck_8742114f4f0cb22c,0.025958671811525436
ck_6eceeafd56b42576,0.02031285684967717
ck_34f9951b0eca1965,0.01086064099287719
ck_384ccecd342a24ad,0.0005318668663344197
ck_49c98bebd1338879,0.000888914025984975
ck_6c26c12071c91ff6,0.0032691044769568244
ck_01e5986ebb9a78f1,0.03680021074988037
ck_121db7ba3be29ee8,0.01199955364598542
ck_039e6d5a330cea1a,0.023728261610676933
ck_ae8c9163cf957d7e,0.0031491768307831103
ck_3f5e8f3f1df0c8c7,0.0355081998950464
ck_b1c51fdafcd80122,0.00589283801543663
ck_12e2b5ebfe8986b2,0.0036394456597699625
ck_d55eb81a4d543c59,0.0034361623639019303
ck_f85155ca5c312c7b,0.010806769769130434
ck_133d8a1ac7c0e301,0.981726797548576
ck_04212a9bb9b28696,0.9979511020746668
ck_4cc11c7d3ca61f73,0.0009080235544079123
ck_2df4854186ec515b,0.010879050293832782
ck_aa9b28e7fc43af79,0.6659157332691733
ck_47cad6c3def4c9e4,0.002516077274589618
ck_fbff7b5da8111567,0.004077693271132972
ck_bd25ea782e375b22,0.014973902557786346
ck_7989376f8cf64a9d,0.0032315051460188246
ck_675c0ca1ebb1051c,0.0027188255776587266
ck_1436f6e11d4008f9,0.008701958998972194
ck_812cb3a4482cc618,0.004555451136108077
ck_6e606f73a1094afd,0.012633421104031178
ck_1b708e2a4a0584dd,0.003312271363016081
ck_a60d6b324bae0330,0.01775555852825681
ck_706a4f673a9fda3b,0.41189226255604855
ck_a75ece9a9044eed0,0.002202821755184997
ck_9aa45c4e03c8c57a,0.009091071337650842
ck_9fe9bdce982b312c,0.012087225338175833
ck_c6fbdc5ba68a8466,0.005042442687253385
ck_ed0cc1b1c28f9511,0.008403854739499072
ck_a4e2607b4c8021e8,0.0007090448705673653
ck_e02f93f51cc8caf3,0.002420915087503048
ck_7084ed3cf20781b7,0.014230669642805704
ck_cd4c63155570d6ea,0.0032034129154457046
ck_d1b9e5d32d2d789f,0.0035099701420052013
ck_68f56f6560a7a933,0.002164666881666368
ck_8bedacc6233c6269,0.0031866420910868104
ck_ab7cb50407d6b13e,0.011946019829911128
ck_f17ed7e0fd687742,0.03660368658863308
ck_b0fe4b92fc70f72c,0.002635412436900079
ck_84d62b8196da2452,0.014508854965430912
ck_9e298cae167f4693,0.001256367748745204
ck_405b20ef9ad0ba5f,0.016559079049025396
ck_813e02e1ababd177,0.0038962141557718015
ck_f234ab47061ba7c0,0.0012314557397929559
ck_22b587c18363899a,0.0036153651837910563
ck_4e862c2f48c38aeb,0.0028443085653156253
ck_b89cb90a420c9075,0.004631462393371568
ck_be2251640f27a3c9,0.20168531094196168
ck_46bec0bff167ed3f,0.034051723669570697
ck_c0032232c2868328,0.008041454128080005
ck_030cf09525dba4ba,0.00098505460182517
ck_6ecf56236789fc09,0.9375428943417212
ck_38d4ed52cbe6d123,0.0285394072107907
ck_2d923d957ffd4d53,0.0036902500682350647
ck_3af1eb88728ed8c7,0.01049273394072558
ck_2f8120ca80a1592c,0.009227587196395617
ck_6cabb1a133f0b151,0.011447706162233173
ck_bb6cf7e7b707731d,0.8348285287650198
ck_c8307fecafa90140,0.009282712207230181
ck_75f968be67f46d24,0.01122226824499128
ck_df6fe4ec5a233213,0.001235532193676708
ck_b53e88c0e927d896,0.0006118020855485546
ck_f0093064aa28f4d0,0.01115458146439413
ck_ec9976cabc63ff92,0.0038170401430384047
ck_30dac0a58c5590cb,0.06727108768982511
ck_348a525791ae6475,0.025746434840324833
ck_b898d912d1181ef9,0.019668322145934038
ck_f5b1200dc6f95760,0.01888931242034948
ck_54978a073e7a0b1a,0.0028974302976999653
ck_55933936536a4071,0.004068246734387657
ck_d6ba7ffd2ae08863,0.0047483759768962314
ck_404e2217fd87fdd2,0.001658958401626265
ck_dfaafdaefa5716b6,0.029321558347045112
ck_556c62e92d4e7e5b,0.032299933805615036
ck_7ce44f4e06d58111,0.15865025335988953
ck_465cb8ce232c7670,0.0037328949976647
ck_237508ca4fb37268,0.02505400700383447
ck_ba4a6b9aa63964ef,0.005742005507328898
ck_4802a0a7a1882c88,0.30915195150118013
ck_9478dfe4114c30f6,0.008185119690219584
ck_5138f6c575dec64c,0.006858177818421634
ck_aebb42afe430e2e9,0.0019373680657347853
ck_004efa95555437e9,0.0026857530874296828
ck_11af112667c98394,0.013582123261051677
ck_44e9a18a8645c9d3,0.0023938512816352167
ck_2605fd571219e28d,0.000528474477812844
ck_dfc933493561d84f,0.00628317185480228
ck_67674348e68d1f25,0.005397072703402074
ck_dd97429277a2fa00,0.011351852529240746
ck_d3eab7a06eb48348,0.040232915036763094
ck_0b9fcff9667ec05a,0.006356038270568072
ck_fc4bfd6e739bddea,0.007868209791525315
ck_43292f70a03ddf2b,0.014030920031667327
ck_5ff6108056a3fef5,0.0033078841243197473
ck_767e0be086b5f601,0.04599887321890757
ck_b8465b1a5666155b,0.017764910969435412
ck_ab2e3fc56f5b3aae,0.011309996470052932
ck_1833c81d693c1e07,0.7010220013136687
ck_0308e0602b856445,0.007123913902716716
ck_ccbdfe744acff8bb,0.009280585865292883
ck_b294aa27a0b586d7,0.0008341459234914004
ck_a3747201f377626d,0.9401213990001451
ck_edde1d7d1db24725,0.016123294090121254
ck_ae3b47d6e1063704,0.004805435845145605
ck_3aabf5e0f4defb41,0.01008921793908434
ck_f034adb57391f3d7,0.016080664495552007
ck_533672fb40531607,0.17188742683361274
ck_2a244f1ae08ef83c,0.005363074522644069
ck_a35d81bcc54ece2f,0.00484469674217877
ck_78a61215675b38f0,0.0050350701835863935
ck_e013d88ea7939616,0.0026431422223428965
ck_e5018f9418e0102e,0.02612185705460964
ck_d4e024fcda401a31,0.004511328235086329
ck_f736cffbdb82db34,0.0006496182385099591
ck_1507f5aa50cdf3a0,0.004972396723748792
ck_18270fee7c8fcee8,0.0007462241279045194
ck_95ffa1a805a1c9d1,0.003623931200050304
ck_11132d245b94d045,0.0022558722207235314
ck_7b93a622e40d8b14,0.04065311943124236
ck_3854c08d17704347,0.05650893434307832
ck_7717fcb100dc4b5f,0.005737455603066901
ck_ba54e0a1c328119b,0.9293436712744138
ck_a7afdac4ecbf2de4,0.34738579539959324
ck_ecfb771ed2352085,0.0060946277437836285
ck_68be4fefc85a6b64,0.05399709332636714
ck_dac7c50bd6d0148f,0.001625990066623597
ck_87cf36a03bd63c24,0.7156253082594632
ck_8adb40b168b59d7c,0.0128368361026307
ck_8d2f62930777416b,0.024060663394249438
ck_9958b58da9e3c21c,0.020868184123476283
ck_9440335375701f44,0.0037842691627422696
ck_e2f88e202b6f700a,0.006279710411801269
ck_4c7c50684827a2cf,0.0022920915090237767
ck_8a6ea4a79b1c7a8e,0.009515665385932867
ck_186dbff4b24a3bbf,0.18107468611832625
ck_220fda3c11c59b6c,0.05667132599059425
ck_3acccc69f8b1fd14,0.197928741970058
ck_9de191bf79afd676,0.0028020882208869306
ck_6de6b1663f9457f4,0.001013651905413694
ck_062754f8b79b86e5,0.0008538336173236998
ck_aa153a89a52f7eb5,0.018338585806201107
ck_34a6bd3be642f15c,0.0058362780245105415
ck_9371c700d9830326,0.008056576403992894
ck_a99e0c258ad7576b,0.0020589483425088135
ck_0a7ba51d626e932a,0.01720242340391232
ck_852c50bbba1ead13,0.044284208930114866
ck_43dc13b6b6d31297,0.016722233410542697
ck_7d81b59d615a6649,0.024246185532602972
ck_39a3f1da060e88bf,0.010541602147313622
ck_6fb2d142c09ed3ed,0.04287956783750348
ck_6e5752b87324b58c,0.010670790301827762
ck_9441d48a12e8a4bf,0.15306014012752334
ck_09e9c51eb538b255,0.004882837045330799
ck_8d0cd981ed3a183a,0.19845159155973044
ck_57c07c45269ca8c0,0.0014235234250258445
ck_ccfc9ab888ba933d,0.0024706803895818102
ck_9658a6ef471053f0,0.003089216070829316
ck_dac3852758f4ea89,0.0007600033528870753
ck_b1ed2278f5f14d82,0.007458880401219152
ck_333544d173524f70,0.03912655948116748
ck_fd4582e3853ef23f,0.0035461302955212466
ck_614d936cef98db04,0.0011479119294227152
ck_6bc351a3d57aac54,0.005947259650849237
ck_af5842fa7202ff25,0.010370515868845806
ck_81307759252571be,0.0033335161770650353
ck_b4d2f02d2cd45720,0.8504355690000486
ck_1bd753a4681946c8,0.9781579427108069
ck_46d8c029d46867b2,0.003080839411926986
ck_b7da6640fa2f49cf,0.6752037162948904
ck_9ea3d5a5a91fef9f,0.034313409262188684
ck_7b922518f667f76a,0.0005565772182960417
ck_2a5b31594206eb30,0.4419561197025391
ck_d9506476ad3f9e08,0.006022711837869904
ck_c8791f7ebd4d93c7,0.03291074032103118
ck_b5a3e20fd210017d,0.004834214326169023
ck_8e54386f4fe22cad,0.005823948591809072
ck_75296704f5806f56,0.07345464797023357
ck_0fbbc7a6af300368,0.0100951067303335
ck_d19bf4dc0627113d,0.0025047079118876415
ck_7951bd4eb99a0175,0.002012864844699492
ck_059e4fac6b7f704e,0.004636738147477876
ck_2ce8931af02a2ce3,0.0030968438856109866
ck_9e665618a4860306,0.002885858676009311
ck_6fce5a893613fd2c,0.001039218940221055
ck_9e3fbd04e3532f32,0.11215421980726022
ck_55f2ef0de3420e3e,0.031497598906124996
ck_8d87658a6f5d204c,0.606378877289163
ck_6d6ac1f5dd882aa5,0.0018707102792288894
ck_55d0c7012d7ef236,0.007477699905490629
ck_7738eb085e5753d6,0.012078522741486386
ck_0e6e05c3cc8c8242,0.01128863379053179
ck_8d27ff8383d48132,0.0015792446405082587
ck_9afc3bb849f3a64d,0.00986326573647048
ck_27eb86a9898cdfe3,0.00863044229536581
ck_1d40e4fc541abe93,0.1415385227851671
ck_4fd9dc00e1913587,0.9882897243904412
ck_b26cdb2b7b165d2e,0.0058969842773149515
ck_a79a27767a02e31f,0.036425063404003706
ck_f0c18cb9f951a71e,0.010867492181094937
ck_50460e0189de6274,0.9804967936645739
ck_5e5280539257c986,0.004954224509117025
ck_eeb854318b3a6f0a,0.0021835857991138073
ck_943f66f28dd24750,0.0005386193309540227
ck_984dd7452aee372d,0.02942153661610908
ck_ecaa6de0aca5e9a0,0.013719439790761869
ck_8f1cbc432e2774f8,0.012118237541026197
ck_d91d9f8445b9769a,0.9201708936677004
ck_73c18e03e3c7612e,0.0004807181117925964
ck_aded05ada490da20,0.00851501699403128
ck_f744e208183971f8,0.002359954897265367
ck_02d4cef6358ad3b7,0.002871667956477186
ck_08ff5bd467226a5f,0.0012005755720136196
ck_f824b326d5089885,0.12781265028985833
ck_3420f2fd520890f3,0.030730012434836796
ck_1838cf8d00f5b1e1,0.0050017215693949416
ck_a85182ad90b6f1e1,0.00037626405174255177
ck_fecb39c82c43e76d,0.0014715917977989074
ck_162513e73782929f,0.02756389385907204
ck_2c27b77c59d8f23b,0.15232460460856073
ck_4221e07b17388fd3,0.018939044183293445
ck_adfb8472d5c3d669,0.007838216721007218
ck_0742fe64055d686f,0.0008968776640099551
ck_5060aefcc8b6f958,0.018692381205630635
ck_643f549b4ac78a26,0.22350464961536112
ck_dba767885bd6ad69,0.0018663673050854138
ck_0dda35c0c64c7073,0.9935230409865923
ck_38ea56d43afa5660,0.003319111295113271
ck_d813e15ac91f487c,0.12749490998181381
ck_4c840e5585a7b167,0.17964935308434335
ck_cb8551453a7bb929,0.0024532542246180873
ck_05a00b1dd5a03359,0.0013335598982504588
ck_837cc7fd48453a01,0.006223236612092586
ck_49dd816b31fba6b6,0.6397130406814784
ck_86a61d9a39768e87,0.026181089461674478
ck_cd0e76f0e7bb38cc,0.011433356295778845
ck_dbe58392635133ca,0.04352496973476897
ck_3caec7dd6f8d02c9,0.025651925247652273
ck_bfd9bfc5b6ab4a54,0.054875250289876165
ck_2103399bdb2898a6,0.005315373737753487
ck_329f7de7279e74c5,0.002446256178365036
ck_9bf0d28119fc42c8,0.009780609363959301
ck_f781539b1042dc83,0.0014127891737214142
ck_9986c7d781ac6b4e,0.003178074632307353
ck_a627734880aca848,0.0006059441579914701
ck_2106e509d77fdb4a,0.21484079073066567
ck_420d1a9c604293ce,0.005185071278409763
ck_fce0610c527e2b56,0.04361887402869484
ck_073da541ec3f9d3d,0.01237522020228735
ck_aa5f3ab48c17fed8,0.10040468711526614
ck_0fc1086e1c9e04b6,0.01076784565068091
ck_5c33bb46c1a5945b,0.013544667750615202
ck_500948a8d4bd8e13,0.009065991091179726
ck_19becd44f2c3d2b5,0.009502903065642722
ck_7d0fe77dd5ddb656,0.02382555252293269
ck_f158d9e5f101bb35,0.014232863537829687
ck_cdd7c77823c2257f,0.020624070721582306
ck_6c7b41374f9b2e55,0.004373405179418187
ck_417090dbffb1a63c,0.00916484868178465
ck_dd0e17605f970319,0.008339399716387065
ck_3646515079e6be55,0.04142992710429945
ck_89c8b06aa8c84b2d,0.04800892843465892
ck_e4d6dedd97233c07,0.03857204396816949
ck_bc82fb1895fddde5,0.0345041110476653
ck_88a8b1d442ca3686,0.03061390163880216
ck_5791f8f76a629a4f,0.029819664728078704
ck_9cf5e88e97c8c7ea,0.0034266678877076296
ck_58fd684aa5a6f289,0.000385667553449828
ck_9800c21dfbd8e811,0.004578354570802171
ck_8ae64df60ab6ccda,0.016953646702739404
ck_e535fb0f0c00418d,0.03208903221127965
ck_48011996d54855ac,0.6228354609582988
ck_ac79c72a8fe3fdef,0.027811263590982172
ck_b8cc2df5192bc49b,0.008922851915978306
ck_e96a5e1f08f8a867,0.0008453222722249376
ck_84df6770549e43fa,0.03619749545720398
ck_e5f7b99ba6ec5767,0.005231134619005717
ck_8347455ab53ff620,0.0030894765061863032
ck_a84f2cdf695a71d6,0.002939599250282644
ck_90456160115f9ef4,0.0012058871187204247
ck_ebd178b3f3a9c50c,0.02098530700756106
ck_e1140be6157bacbe,0.0007893375703736802
ck_744ffc11d32b96bc,0.006687174978225014
ck_e12a9f7d027e3387,0.0011843165100309868
ck_cbe525da0b69f18a,0.01728613189053208
ck_aa59702537557ff1,0.006403073438317151
ck_0348cc6908f7f3af,0.0007685775355621629
ck_120e995d50956bee,0.1512869803197095
ck_9fcde1ff46cbbea5,0.0006361611818902973
ck_54b0b070689c50d6,0.0011159402181987244
ck_966a167758fddfd4,0.014225813607260024
ck_d5194f2e92fd6427,0.006500865942636974
ck_2ee84f3fa27f2cb8,0.00333751540795055
ck_57d0a7eb7eae2eaf,0.021020953252103968
ck_6a2c4edd82e10969,0.0020809407722539677
ck_96e4d38ef670eaff,0.00758700512543801
ck_52cc2fd5095b169d,0.0037961358311333717
ck_4b088920f3a844c1,0.053121056919351387
ck_8f3ccbd20d59f1f4,0.0019592391908375166
ck_e5e5dc431bed6f9d,0.0020319688142423726
ck_e8b5bfa6838e28d1,0.007947229496035716
ck_4bfeb78b47b7c6a1,0.024606978140035027
ck_a705c61bd679496f,0.00625837629686585
ck_731869a0c39cb2fe,0.007070689919370264
ck_259eb102342057ea,0.005042442986304494
ck_47a6005fabc33551,0.0012306701299603898
ck_682262b455a9edd4,0.00253913899140022
ck_e839d104854945f0,0.0011399117792509524
ck_761989aa4c47d746,0.011740768793217813
ck_44211dc210139ed3,0.003865449800515405
ck_9915ceedf63a5289,0.04350170042242861
ck_da59ab47cb6284ad,0.0005946679961580577
ck_e5cdbfcca2456652,0.0021276604551520835
ck_13f2560c6a1ec62f,0.006425423436811252
ck_a0543e9b3abe1001,0.008411033837790995
ck_11c7a58e09e6547b,0.01844923118338864
ck_69587a134d43a4ad,0.01924319075306869
ck_28dc0de0ae291f37,0.018135954368071458
ck_298922703c5bbe05,0.07014343087350829
ck_fa5ba9ed9ed6a343,0.03462016019200319
ck_c08e64d424e56c05,0.008390494964062975
ck_598e036a28262aeb,0.035738366704488767
ck_3f7c870510083a51,0.016986103035837943
ck_364f8203a3e98d36,0.8901198953978671
ck_7333cedb61506ead,0.0021374368443909907
ck_1d96d7fd65f208b2,0.059758392621281596
ck_63133a79f23e2627,0.021835680659294983
ck_901d820e0b72abae,0.0007988188332744766
ck_5dd80b3c01457bd8,0.004600453825885474
ck_c0b8067c144ed6c1,0.007987710651594558
ck_cebb8aa8c8f62c60,0.0012525679824303057
ck_79749eca42ff1f5f,0.006561883114039255
ck_2cc1d9b587f6da31,0.03144520189147182
ck_ccc7916b56d42195,0.002645587650248583
ck_e43e53cc7b8b8e41,0.011071063636154949
ck_4ab74a6e7450416c,0.0019805028420083986
ck_6e44024e9de301c6,0.00038746767708642903
ck_dd78cb6ae2866cc6,0.009931545994499144
ck_c363d3b050baf3b8,0.008970871311450478
ck_2d46291975f0dd08,0.0018726259405104039
ck_76ebeb5aee42f041,0.03626043852912674
ck_8395f004cf4d4c08,0.002514666826766448
ck_de7259c3741db179,0.01801927326477681
ck_3938e92585df2b34,0.008777161382690394
ck_af69bfcf4f07d932,0.010168407938117767
ck_1723900ab9afe374,0.033828574718739665
ck_3d58628d1c853c8a,0.0020173888893073874
ck_12a074db100481cf,0.09342234676743759
ck_8716cbf892c50e29,0.0027868893046535895
ck_fbf7351958ad9615,0.005111563870066544
ck_a50370907e6b397c,0.17922300419696194
ck_937402a60df0821c,0.0013162103090696583
ck_8ce9c5807acbef48,0.0025017153189300775
ck_acf7d65eaaa4c31c,0.001191987270170391
ck_ec3eb6dd0967cac5,0.015911128662242698
ck_fc832b0c90c9bdb9,0.9082820524029712
ck_8129e81cde280131,0.002763535876835977
ck_52c0ef68aa2fb8cf,0.0132331976575266
ck_06f042e9b1b662fd,0.017063099406598274
ck_0bf35dcf7b38f650,0.000898587416170418
ck_615763afc2e17a7f,0.0006907000766968069
ck_e72db9d4b2fc9997,0.9572455152776443
ck_13757bf0eeb353e2,0.01176905347181318
ck_abaf371ec8249c4a,0.05186411514690721
ck_9b7167da0920c37b,0.042372958308153276
ck_2e824b0b27494a17,0.05557473408650647
ck_9a0b605e9c3220c4,0.013020578503035837
ck_a5276af466b681de,0.001654151430919901
ck_9e0383e1fb6e214d,0.027178910394523154
ck_6a27c44b691dbfac,0.0009505427038588017
ck_af39767cf583905b,0.004347814221074138
ck_243b1b9fdd3f9a74,0.0004408199481352305
ck_c0422e638a9c6046,0.006905474837868851
ck_e0f3ea3373dfc4aa,0.10169547942090293
ck_d56ee1654378ffc7,0.012919191533445732
ck_20cd2f5666719baa,0.0011409494044273638
ck_4dfa1c1e9b69fcc8,0.003533338787246064
ck_5d22e9ca1d15180b,0.25924614315169137
ck_f4a7ac178fd55f0e,0.0029924397574029515
ck_fd5609bd23a1eaf8,0.004795346807987115
ck_49c3bf13dc9471ce,0.018208646701249206
ck_724085c3452d4693,0.07645216599985562
ck_e5d1462846154a75,0.037006647351323425
ck_c69ef0f3e7d6acf9,0.04665434187514093
ck_a2d0417791d4132d,0.006183883832015511
ck_00a07fc2a9183c3a,0.0010566033896904658
ck_781b8288e54ba8f8,0.10858515597528125
ck_d74a62ab3804a81b,0.0015526031798856219
ck_abcbde211b6267f8,0.056248812334302054
ck_16dbafc035574654,0.009163874082741705
ck_018f780215ecaf38,0.020084829045707735
ck_0b259620eac51618,0.002054051862518927
ck_4f875342394c110f,0.01951263740628491
ck_399e45e5fe9beaee,0.0120654343340601
ck_36224a2d394ebfe4,0.08713477644258846
ck_c189b551bd111332,0.0010508251612792222
ck_125c5a720ecb177a,0.02094629314014285
ck_76d010aa02eb477a,0.0002568360012166777
ck_1071d14c46c92379,0.818517374979477
ck_61d244b2cde483af,0.007221533065807579
ck_2ff1860da2004c84,0.005223230386984775
ck_c5b583490198672d,0.004733854861042901
ck_1294f7af22fade11,0.10010033658272235
ck_e3a22799716df39d,0.0012435319867815937
ck_c77e22834ef97005,0.4754484070691422
ck_73d3689728270a2b,0.0010506229828386464
ck_295565fbf77ef885,0.001677525694352526
ck_80c0a7f54ff4895d,0.001684613307368211
ck_f1ef5cf7f10b16c8,0.005409873175212219
ck_a958b2461ffc21a2,0.05097248547964565
ck_0e7899a57cd617d6,0.0011240103324214473
ck_9d4fed252718f58a,0.011436792362512823
ck_83c2c34add971d76,0.0016349419608712112
ck_9ccc030ba2de9fb2,0.02863923267563115
ck_cd691e3466fb3742,0.0019795864509838655
ck_49df70f908dfd069,0.051559962215644996
ck_362ce13eec1e33a0,0.0026219103874986294
ck_2452a30397dfc54c,0.018106477027376198
ck_a443d49c2b4863b0,0.006452589237976187
ck_c8b2e2cb349dd0ff,0.002127168199119949
ck_354909fecf5da8cf,0.007855668661099723
ck_841f598bbd54c83f,0.017166358031408632
ck_cd6fbd4e8724f994,0.010645976283295147
ck_e0b3158111370118,0.010050454409366198
ck_4c2f2eb657c2c60e,0.0013027800211808942
ck_ef346071f0b7654b,0.0018417777042886504
ck_f3bc10e3decefce4,0.0023342172490586214
ck_189b6fbe9b9192e7,0.006550903594818723
ck_5245cbc5ff4d4fa6,0.005799525749053537
ck_cb42e3be6fe87f60,0.0025707182375812507
ck_966d4d713cbc7792,0.0016114934695815903
ck_1c8c969667cbaab2,0.8816607496325686
ck_d35e3aa9ef5d405e,0.1679038663051683
ck_a1c39df50a5873b3,0.009225672761716142
ck_a152165caf295b51,0.005794081218972795
ck_891eaedae139828e,0.01365056527956692
ck_1a46b56f4734d52e,0.002860403379271731
ck_5e36042cfad96c99,0.48546498947109396
ck_02a8582c2603e675,0.006498331241266283
ck_6def9d0429e4ed4b,0.004877929485956813
ck_e137400825a1e3e6,0.00545292527391934
ck_d91ab840848a54fc,0.0007902361046118738
ck_becb6e1c608e0078,0.001036300648168734
ck_6fd8c86ac719d7eb,0.04877612626679146
ck_3ed4d13f12fd9d0e,0.041944059819734876
ck_007337aa99a4891e,0.0010525845945042807
ck_60c3d8306527a08d,0.0011925512928762667
ck_95458880a54df0b1,0.12800270331355698
ck_b48cd8593533fc1d,0.7678065263276262
ck_021c6a4a7e3f1f0e,0.0009100596970130872
ck_764d40f865e710af,0.0043967602155312365
ck_4b84357ae8ec7777,0.0030817642537121263
ck_3397c7856b4669a5,0.0006578183361329786
ck_920bb003b42e6310,0.0011035813769801857
ck_8f59f11b512d5b7c,0.04166818659572892
ck_a3acf4b986afa98b,0.45600934087197575
ck_e89d25ed7bdeeaea,0.0027899440164983577
ck_70e6bca473bf6902,0.0016460436450086067
ck_186161ce152836f5,0.0015588693189799675
ck_9191579254663f5d,0.00749048441591339
ck_1e6628879e9d653c,0.005725299756912222
ck_b498fa91a0776ff6,0.05271106094467034
ck_cfc2384f22954830,0.028256791669909492
ck_17673a1c2867888a,0.0009255968273392156
ck_523dce06515b072d,0.004442731594110826
ck_c20638a325ead2e4,0.0014129571496540112
ck_d3877e1f907cc148,0.011023808344334217
ck_e9a2495dea8675e2,0.0074385057766475264
ck_7e561caa5fa1f3f1,0.016270086508716503
ck_455672e652fe1abc,0.9722185300448171
ck_7f8f864fcc90ca82,0.011688381677733456
ck_1ad36046aaeb816c,0.002059622102532297
ck_de056e37c82e8e00,0.007080453989958414
ck_7484c214c889fe7f,0.02246350409202474
ck_32430e678c4f9f53,0.0024624912902588398
ck_6276ece8f80ea799,0.015952332844885796
ck_ae8e5dc4b725bc25,0.012563702629559156
ck_f01be92dc78a2dc7,0.002557505955578013
ck_233397a8bd40d38d,0.001172858135708802
ck_f8124911450fdf31,0.8738739068236047
ck_aa0a3179f1111674,0.002143083071794581
ck_2366b29ed9887a5e,0.0005988078447481642
ck_1f22f04dfc08cf27,0.0013659302647003077
ck_b62276c3426d680c,0.0036962063520858414
ck_d099fca88691f66f,0.024193463866661942
ck_166bd1dcbaf4d6fa,0.0006659846341631744
ck_7b1660e942436e12,0.006967367995538906
ck_4a9a791a1d409a3d,0.01686910342972325
ck_b003e5b54df65db4,0.010920020217293058
ck_64b4dcbf436f0b75,0.0044459159995029925
ck_26e9a7bb2061a58e,0.16918995318522645
ck_08b77ad5f8f73007,0.004717490764642009
ck_366616a725afc6bd,0.04260401280402768
ck_934fb5064b6eefe2,0.0018628769679470587
ck_c6abd5d57b1009d2,0.0009902241696909376
ck_edcfa9e1cf29d813,0.00669617512677279
ck_c30201ebd003fdc7,0.0023181457175042624
ck_c54643d94d3ce355,0.026671886397156896
ck_02adda6e91e49650,0.007342638842860261
ck_5b73d7c5255e58a3,0.18867414000006755
ck_129ffae92dc01408,0.001418494617118798
ck_fa321945ebedb916,0.027477507776962944
ck_8da980cb2e1e2bfb,0.004614556772295108
ck_0576b00d728bdf19,0.018020565521298732
ck_c543d82e22b3c8a5,0.0009873325433685473
ck_0027ba644f9ae2cd,0.023581122287567945
ck_8dbf61df902a6bbc,0.0013754927841361773
ck_90eeca1cda79fd41,0.0007991048661710913
ck_86d7127391d4e01f,0.0013185915679258706
ck_73762038c7ff2f6f,0.0067487876405551775
ck_a1484e6215fac651,0.8649843136423956
ck_cb83b9f806e90dc6,0.0918142066950101
ck_8c6f059c95872126,0.001010965927595781
ck_3174419a81e7caf2,0.003575802039897557
ck_6a0f8f8fa4a3c2bc,0.01774808407379911
ck_b5777605668bfca1,0.00232422248364715
ck_27e4de495abb4d15,0.0013339101545180464
ck_7f6fa79c7a107161,0.006483614179016597
ck_c36ed9f8e6792ea4,0.00818442934086225
ck_67a1aa88d2ea554a,0.00880579817331006
ck_09748dfe4df3d540,0.0005922237971455579
ck_27fd85b1e38b675a,0.0008398146835583715
ck_2369689bd795ee10,0.0025213868893314726
ck_4eb1c12f7d092bac,0.0007276500880794973
ck_01fbafc42c8e33f5,0.0032565232368438517
ck_93c4e05699b3b7d0,0.0035290026562132632
ck_afc484d1b6907983,0.0005611318959623535
ck_1b2d9cae92a1aab1,0.04590245062444588
ck_73b729cb161487f2,0.005782112550205926
ck_fe3c1d0ac090d960,0.0460258576981452
ck_408efac1d3885ff8,0.03376856297989831
ck_ccb4dd9d0a48a76e,0.0012156527908992111
ck_2987eab34ca7805d,0.020219848101949427
ck_1dbf1f15193197db,0.02018897983133405
ck_4ed711fe4053e74d,0.01318964843495464
ck_6c54adce174f45f4,0.0015676372359397805
ck_a6c740041faf0bd5,0.0016801802417604165
ck_b05c4d33c4f43639,0.028090105691419103
ck_032880f1114dd51c,0.03284164464740258
ck_22311b037456a76e,0.0008844226383984789
ck_5866b413549765bf,0.006863274391149979
ck_0e808afe2570ecac,0.005762505911189017
ck_634276b05f4381f8,0.008656025922483393
ck_5d8773badd0d4740,0.004391290936983353
ck_82b5b79ce3517102,0.9209437945657539
ck_b378b8d8100ee4b1,0.006100248259875903
ck_54e581f71be5430d,0.00090652947403777
ck_798ba4b8aa544fea,0.002132783594698363
ck_3fe86b6331ff95e3,0.17686178237518138
ck_81275d9d4c559e6f,0.001471595915831142
ck_99a4e5ef02d89493,0.007098144500923986
ck_54e2eb018d947790,0.0062504639387542206
ck_966901ea9c77cc02,0.002569319880154937
ck_27d69ff4e0cb428c,0.08409735954813581
ck_2cee2dd7bbfc09a0,0.9247746114306284
ck_4136b00924695ab4,0.0001844650688801963
ck_59a164c40c03a45f,0.002672274521771771
ck_3e24b026bc66789b,0.0014311260148770662
ck_8105bcf69a75ee47,0.003217359665598429
ck_7a1782cefe26a456,0.02891762608076844
ck_970c7dc195161272,0.0006121898761023536
ck_a48ec0c00ae20e82,0.010870561262839805
ck_54b374ade34e1dc1,0.0020654582914270514
ck_74e5dec189761d14,0.001714505018827008
ck_4717f24f2c6f40e1,0.0161126499490358
ck_fc8cd8a8209e802d,0.005676177510802622
ck_71db4131d7efe218,0.002600343618906479
ck_45424ea6f0bc4650,0.18749751290535696
ck_3716c6181a5035bc,0.01752065488562252
ck_26de14b96bdad4f6,0.0034201450115334776
ck_99c0a41ac9c73857,0.0033790107595204183
ck_645f15bbbcff3b4f,0.9938736495885294
ck_b7e25ddd41514d4c,0.000982816886586377
ck_d5c14e877ca7b755,0.0021151317857258304
ck_05ea4440dac6cfad,0.008070225834197281
ck_c58bafff7b1955cc,0.012504465281946856
ck_f0cf85b67a9b840f,0.007218811563501876
ck_ce1500a7f0d03fba,0.003959302375215928
ck_d4972a775aadbbc8,0.004933322522499017
ck_3eb6146c262e0fc3,0.00041319515409805305
ck_afb23858a4ef42ed,0.9864055740323938
ck_2c1def5c91c52a5b,0.7607881653258486
ck_72e550559487b919,0.00272698849500827
ck_0284dc2b4f856b3a,0.33436254060454373
ck_03be334935e999a2,0.009804257049222114
ck_e35a4b4a3cb4cedf,0.00671871971670582
ck_5abe57dfff4b735c,0.002595855436452282
ck_f5f87f772388efa0,0.023927410933168042
ck_5a22cb36d612236e,0.0022182625555379606
ck_8ff1e6028e764472,0.8417250371376938
ck_2ab28149b0986642,0.23016287891902154
ck_c88fc1bac79fa6d3,0.0366114484818126
ck_5b137d74bba6b1b4,0.0008127520474472593
ck_11f362dca2dfaf5a,0.004536561321930903
ck_7f960541e5174565,0.0019053310507586335
ck_d5458ba39ae94498,0.008022842784906335
ck_0a921a73a90c2e39,0.013148043074946655
ck_6ad56ef40086dbe4,0.0013973271710098962
ck_b68199ecccf2350c,0.0008295457671074989
ck_6dac66c8198c07d8,0.00913516826050398
ck_9b9ce7bebc235fe8,0.004980058620340655
ck_6b817117d87063a8,0.01135149955711615
ck_900d62b3184378c7,0.0004479161198804009
ck_eafe9b89857149b5,0.004760888852454896
ck_e74716a525ee5b24,0.0014608299449578317
ck_4e9a6f06ab134102,0.0121637257514591
ck_b0d33b5a3716661d,0.0021869725023894947
ck_8703543bf3134306,0.0045358114181451
ck_923d6a0f83accef1,0.006889060410023763
ck_52e37e2170532e2a,0.19926080783632316
ck_c1c5ea839c58958a,0.01522175678804297
ck_660f0006780e87e7,0.0066361287779491615
ck_830b2c5d1818ac07,0.04051428572499759
ck_b080ff636932d1f1,0.0007834520609032575
ck_38730aace405f2ae,0.9955926828263555
ck_9790138467a06223,0.000543687275498858
ck_10de0b0d86b17839,0.002152534745361451
ck_c3e37a4d3382c32e,0.0013347978199981605
ck_dd8edfefa1eba531,0.000527836887427827
ck_8153cdadd300d234,0.0015343259350520289
ck_74d0e7c2c6b63d36,0.8159594427644423
ck_c478aae3031bb328,0.002883100044415708
ck_cf301f2194975866,0.003982357773966718
ck_f4de03f44e3a5bd5,0.006062756194506824
ck_b06ce826e593b210,0.04307571413199073
ck_2fc70b6baf6a0e26,0.0022549690802815816
ck_d208494cf5c90047,0.023267337173228687
ck_086d29ccae565e5d,0.0016167368728680722
ck_d5ef6dc116dee408,0.004537684822262752
ck_fdf0c5b722d83464,0.0031430075554164465
ck_de8494b13adeffb5,0.0022484619623569513
ck_556786868599143b,0.010642976364075938
ck_4940e78cbdcfecf3,0.005482827845842977
ck_d32fbbfe32c00416,0.005317830959095732
ck_bc7710f7e9fae649,0.008657950523630827
ck_416f7ac57da081a3,0.00820361316231988
ck_6fb39b60c67d5475,0.0011929310407822501
ck_e40a156511345d6a,0.000588145937305993
ck_49ab879b5aa7fccd,0.031762062324180475
ck_bb643194d1cbc47c,0.9908839260285605
ck_b3ce8f1bcedfa043,0.006364266116003684
ck_558ebde8c29132a4,0.004070859591128722
ck_e6222925762273b8,0.015324116687137448
ck_bd80546b4807dd59,0.020043399533086717
ck_bd21164bd2bbb635,0.005366324628803123
ck_ea835557d7043667,0.0026398823059305826
ck_1411a80a157ff39c,0.005545966300363902
ck_ab973888c20c9120,0.03729855804220016
ck_95b48972061abe82,0.006333555863835549
ck_fc4a43f8876bf10f,0.6569372094876347
ck_f34fb7ccf82f41e5,0.003450024009835357
ck_5af9934a56801ac0,0.008258203286418053
ck_fc7445ec76389a58,0.8099427451493973
ck_1eeacc26f02fbba4,0.018631116523577174
ck_4f325dd15c9bd45c,0.020368505962931237
ck_5009a6c8bbaf15ba,0.0178471160112411
ck_0f3de7f074bb33af,0.002249787377687853
ck_2cbc2f93a32eede8,0.013645449922693901
ck_4bb90a61c21a303b,0.0047404255354997985
ck_3ade9eac7d7b0dbf,0.10098489180893018
ck_4859a58629622915,0.008337906330038648
ck_5fed957287ebca03,0.0007812306883041777
ck_ec01ae5351500355,0.002377177854404812
ck_703b41624ae6a5b6,0.0013855661082455353
ck_97c38e7f61c27e47,0.007361504223191642
ck_db2c0908150cb2cc,0.01010254658520138
ck_64ac5e6fed86ab60,0.9781297112845195
ck_da1c853b0a061e83,0.012512841145656633
ck_9a36916b60178ded,0.6689438457652785
ck_3715bfa7fed2c675,0.0024692112997966096
ck_dd3feb77d7d4f6d3,0.004235305081787385
ck_982ebb24174a4ade,0.010838308573530747
ck_f6b7a10d47dd9a1f,0.003523773342749398
ck_1f56fe99f250cdf4,0.01349195987910741
ck_deb3ac0606d6f6db,0.018539035652300986
ck_e666629e5a41b39b,0.005375304024260284
ck_756d2c13d02b3e09,0.007121477744851395
ck_7bc752ae7cf5d55f,0.003067489874174637
ck_fc0cc4b25e6a8194,0.005569200543280393
ck_9b2b0e286de78a1b,0.0080400544465536
ck_24b0803447211bf3,0.016452239697424847
ck_82eed68d05a42128,0.01624002503363865
ck_c8a03c516ed5b05c,0.07770787675797804
ck_e914974cee1bccb1,0.0056002896319101644
ck_0c533ff2d0f9962a,0.027726691675366556
ck_c12805fa5d970a83,0.07244104980865848
ck_fc2cb29918631f10,0.02822230313571069
ck_c20e89afe575549b,0.0014091750814960642
ck_e1ff9e31becc27ae,0.01001614357231943
ck_18116d0ac08f1996,0.9099546294772247
ck_885a83975cea5e64,0.0012032689440811721
ck_a0c3059a959ba5d1,0.007177144668239398
ck_75257ca7d7da2861,0.012409571680096858
ck_2210f7a0d13bdbef,0.008605210137599975
ck_9cbd9ecf8374f65f,0.0029985731255005683
ck_18f67c00ba21fbde,0.003366434321924138
ck_2d28f14d3973d8fb,0.00029835906575653574
ck_8b3401b44aaae728,0.0029826233978722094
ck_9d8e9ef37797d3af,0.4637898338780301
ck_9f50920c894f64e1,0.006119983289152404
ck_4737e0d56c6fa0a1,0.01121507393161878
ck_52c311f29ca3aca9,0.0007789307059334891
ck_6a4981bc721df37a,0.007216311755753317
ck_823539d936c55fc6,0.0016252114848736969
ck_df5aedb4118020bf,0.8544821998472955
ck_a911a066ff0f7b56,0.049587793571925866
ck_684609767df4a14b,0.03442591529804168
ck_f2350bf355dc919e,0.009099497084621473
ck_8452b6cf97c65a5e,0.005240764667400995
ck_084cd84501012218,0.5741855430227213
ck_ace6b72e5bf3e93b,0.34802523556421994
ck_2afdd69094c955c5,0.014567152087642008
ck_fa7d5be26bf7b31c,0.04893688014515288
ck_4b041217690fca2f,0.015434410545823668
ck_9fb8e3d38cdf276d,0.9315744384040471
ck_c1ee56d65a42f59f,0.007052275335489536
ck_fdeaa1cd085691f0,0.021108559161152972
ck_5de33a7a87e9aa62,0.026559497820739485
ck_7476e7fe1ff45545,0.009094958381235922
ck_b0a947b498e47018,0.004044227129027024
ck_e3894ed88a7977e4,0.005406903416074735
ck_c7e07ebfb0bc15f6,0.02053993173105339
ck_3a3daa8b376f2a18,0.0015087355799325891
ck_87809324c2675b0a,0.013192165431086608
ck_7eb4f33260f1dcd4,0.007327102566711016
ck_ab9f0e08af030060,0.021955441076683395
ck_5b8fc4a76f340797,0.02220523886817767
ck_0e7bf10ef49aa818,0.02198132976233425
ck_a44462a3853ac67e,0.9857325210768701
ck_2d14bcd2e0fc043d,0.0015276843014695805
ck_df1f2dba802296be,0.9330768966769993
ck_466a7316eaf149b1,0.01165345161176196
ck_50df50af592b0c06,0.0027987615200177813
ck_5f9e34c849704b95,0.0009250276576432233
ck_7836bf6def26aa87,0.01063207764677974
ck_ba175b1bd8efaabf,0.002273429535094565
ck_1a0aac7f7b94b1be,0.3228375966135917
ck_6768c4b2aa8ce586,0.01126569857591372
ck_eefcf0ed15897898,0.0063167097149775695
ck_7a6cb27e390b6ceb,0.005813490651853905
ck_5275be4e1577c1c7,0.002224641490934204
ck_6bc0e5b8c0b7d2bd,0.007090601476406805
ck_4874bdec79f9106c,0.012095998620002555
ck_a678731156ad7bd2,0.1983238234554658
ck_db906debc36a5d1e,0.01610756907723588
ck_e87897767c612942,0.007029174178977677
ck_45ed5ee496ef8a67,0.0037945605467330943
ck_ae20e28f9854f3ee,0.19889405217486675
ck_9ee044b73943a90b,0.0034003994880018014
ck_dab34cf6f0626c9b,0.03184548705916085
ck_64a02b7b96149810,0.001598242404340097
ck_c417d06f3e94685d,0.0009181886600909366
ck_3e0149cdee4cb294,0.016767963917286
ck_0e6046fc30f81705,0.014060051168971941
ck_c383aeabd53e9c89,0.0070760293782575565
ck_2ef76f1f36e8b869,0.029464279722538102
ck_43948784650bb9ac,0.003957321327531829
ck_bdb966f43ac350ee,0.014192083294560304
ck_5bea0e0ee0b094cd,0.00742415720881136
ck_dff090f03ca5529e,0.002219534115059599
ck_a4691b57f837d88e,0.007081326493709755
ck_99ee90946395d74d,0.9632369658200407
ck_cc81dbc83a8879fd,0.003928421566720233
ck_f3dc0725621b3a35,0.0025793296371595135
ck_1bb212d1288b9689,0.015827803071036636
ck_9e7278fc7679f002,0.011246683457066114
ck_3ded7a8720d7e311,0.001483238976387215
ck_798157bcdb9453e1,0.0007713459102096541
ck_9fba80f56f357fe1,0.0051529039929985535
ck_f1e1c8491f16f912,0.005607087961300385
ck_7b1319a5ca2f63c6,0.9864093507852296
ck_124432fd5c92af7e,0.84027406519828
ck_148cb0c723284dc0,0.00534686240122911
ck_b56c62c950eda009,0.0008259782607273264
ck_a0498755cd8d7188,0.00032442776876661885
ck_5379452a9d74efae,0.0011563918421011103
ck_6c2453229d608183,0.003140693863037091
ck_f9d8b4813a88c1e6,0.0036711283583779264
ck_c2c7d1e45a521857,0.017526261412873768
ck_4364a83a11743888,0.002887279071939847
ck_2cdf5fd97ba75e06,0.13029853563765986
ck_71bc01291e0533a0,0.006010564601555154
ck_a725d7aed2a0bdc2,0.0010733555488528271
ck_a9b0c4dbd7db6a91,0.014256313902400175
ck_a4258806a533efa9,0.00945809100952617
ck_905e460591d9a278,0.07116188262223178
ck_20de8abfd8960ee3,0.021928230038664273
ck_252b0a0f1119b220,0.0009684804663091103
ck_95e4bef65c36af1a,0.0004872866072137291
ck_5ab68b434ad53fea,0.0011251647583404873
ck_13677a1957078827,0.002707301353961995
ck_d251e9fa09e542dd,0.9951835009298939
ck_700cb620f300dd47,0.009177206805171288
ck_39a68c55a1bd3ace,0.07990034021324002
ck_61a59a7944d6c53e,0.8919230624590695
ck_db6d1c6d31da967a,0.001838065686738824
ck_650020c500b1b50d,0.01326313191800857
ck_d812eb6930192793,0.013883533413054603
ck_92f6ebc11ebca89b,0.020765311510836573
ck_d87e26eb5bc84b01,0.000552452628507436
ck_66439e697695224c,0.0008505190645148297
ck_f21efd504faa654c,0.0009168029431354467
ck_15eed0f5652f0352,0.0050026690739236965
ck_bcdbf57d98dc0d27,0.044337219525154126
ck_873ceb8004d3a9f7,0.03183678763580876
ck_70bef9ddd4bab005,0.0016489215385421957
ck_7560f1891d66f294,0.0006090076901258898
ck_f439f16f8693883f,0.010815663128358386
ck_14f9535e53f9c7a6,0.004447780209102604
ck_5984be472d2bc267,0.09760196169339014
ck_ed01be7504dc4187,0.01641620786527198
ck_dc3d8b5c17b67ae9,0.0022381143624501726
ck_9dc23031b6b494af,0.08865031156215461
ck_fbdac0221bc03f66,0.014852075749117294
ck_863708a99b92ef0d,0.016312014332993514
ck_22b52654776a1ea8,0.9686381548065939
ck_a0714f98001efa0c,0.03311293172377289
ck_9c56114f84e9a541,0.0037944260201449283
ck_e155cf506b2fb699,0.002341389025226004
ck_65ed7e72f24731e7,0.003662735970566041
ck_822d6e8e43befc72,0.7958173407868131
ck_b1182471d9ac6b26,0.001978921865168762
ck_821446adc95e6da5,0.005052616366705265
ck_ff182f033134dbb8,0.061462966530016885
ck_9c5feef7647b0588,0.0025881011799759298
ck_df935d8bdd44883e,0.0036168781222281074
ck_01eb24c18ad11fca,0.17455249778842433
ck_00d6730134a1eb51,0.009254231515839274
ck_79ba8e85678d0224,0.0028134807489158223
ck_97e3b04a1350f6e4,0.09492438507181669
ck_74e9747954a46eaa,0.003788541469787825
ck_397d5fcc9972f909,0.049271051745195804
ck_9ede89e8a43c3f53,0.03425732368520408
ck_303b33910d67f306,0.0011918559994241059
ck_3c17841636f6f7dc,0.0032228258844258437
ck_78730527f8ba1438,0.1624788167985839
ck_5ee32bc6bb5d1d4c,0.14136849641611796
ck_a13fee8cd925d0dc,0.005274825633760991
ck_6f847263379f2e43,0.008451637986639228
ck_9b9d9e579e7b55b2,0.0880549511569591
ck_87c1d0a79e79c84b,0.010633013648431599
ck_bfc453eabb472f91,0.0017149666111544643
ck_978c21bb5fe3171e,0.019079870972693053
ck_dd882323474431d4,0.12444860558149404
ck_533c4f7400d5ab22,0.024877077357924937
ck_5f217bfe28954e75,0.9825663174094965
ck_ae96d35465b3b4bd,0.0037316137941541608
ck_512ebe97c0af94dd,0.026102185345722163
ck_f558fe02bb0219b8,0.005472733120960574
ck_84092e23d5ef4d51,0.023799202254844342
ck_17d3022ca12eacd7,0.003450843734607284
ck_8a8f81bf3558fd9c,0.0014305444952622912
ck_0ada6fed1864e7c4,0.004091679382855549
ck_21fe7bc59dcd78fb,0.005304523076916472
ck_e136e20c1c74fe38,0.006066235055895171
ck_e7a530e09d113dd7,0.06888274104904735
ck_7cb0c9ded4d63027,0.011491481096336284
ck_102db9615e722c9e,0.016764855899497385
ck_129e39ddfde92eeb,0.0014769474662257175
ck_d730ff21bfd7769d,0.0035895129462735105
ck_54459b45d2be8459,0.0005927153326443322
ck_7f1c20319eb60aa6,0.9962381451497645
ck_939fede90473e412,0.0011550060387416684
ck_e0f9506a6d5f4a1a,0.004343430366048468
ck_9a4967cdf49265cd,0.11640894521666949
ck_b9eaf03453ac7d5f,0.0025843232491132213
ck_522477be6376b450,0.00307592116999435
ck_9b6282e3bad50710,0.009058226140019516
ck_a0e3a2facd508e49,0.021295797827652795
ck_97ffae702f7c3d08,0.003102258385713606
ck_344a95cb7115ec67,0.0017499491510713106
ck_1f2760764afa45e8,0.0011821717767287723
ck_720cd658d11ea428,0.013298135510002274
ck_04e32ee9834c088d,0.7283973736685156
ck_2bb1389e5e72c8f4,0.015066322904349625
ck_961e7dbc217cfbbc,0.002971022490826469
ck_f3bce4eccfa6d6bb,0.0038010779657789025
ck_e0ccfa0d689339be,0.008038031583319075
ck_98217aeafa0bfefd,0.010870685285972143
ck_a02aeec1914c158a,0.00946646473127768
ck_20a17e8f206a14c8,0.013000701202894769
ck_114c32aad4b6183f,0.020907824135833513
ck_79f5198f0decef20,0.0018988890980461402
ck_2209de229b4c71c5,0.011126731757060391
ck_6ee939b7f396975f,0.003467356694109062
ck_202f0c14b07ace01,0.01679537614041839
ck_fa24db9d416ab904,0.00504240088416443
ck_cf6aa24b92c4d33c,0.1816332576819911
ck_45f57fb8194cefc8,0.003997705934481526
ck_d5eb179dc45394c6,0.01261847645965635
ck_efb24be983342f75,0.008047898229643394
ck_245f5d62ead5ef28,0.005726230021978519
ck_15fe2a47fa7e92ea,0.0041434742724741685
ck_b6527a85fd682554,0.037066991701981196
ck_11f9390a11ce9ff5,0.008235697756615416
ck_ffb4d892c5158201,0.0011522460633723772
ck_d4c1da5a1427fd6a,0.10669321789151125
ck_2c041b1efb1c5063,0.0026440356238373857
ck_ecc18f40b33be769,0.02873960271295637
ck_0525349f3945375b,0.0655322841246901
ck_0bfe62e0c7eab9c9,0.01006914234020337
ck_b7c37d410b1646c2,0.011539992129026486
ck_4b15b0746318cf42,0.038911817931487416
ck_e5ee006ecd8ff661,0.014917162784985036
ck_ccc83cf66365357b,0.009811314030558353
ck_34a33ffe8339f66d,0.9448312292145153
ck_4e39e3b165edab58,0.6661092013432853
ck_1a71f8081ae00190,0.9250295862422325
ck_ed8f1200fc049c40,0.9768392821848891
ck_8a5a57858e8c77f3,0.03727690039281634
ck_fff9fdc2adf5100b,0.8327517353913209
ck_c76f1bf40f3b787b,0.0004554283647772076
ck_1a6ddfeef82b1b1a,0.003111164627984163
ck_478d2667aa9896d9,0.005687145906767511
ck_641c8e7694b21f3b,0.005030340072721804
ck_293581d879f6663b,0.7390024350102247
ck_1bfa8abdb22be8f0,0.008003086674047677
ck_05ab5b03d0bf9ce4,0.21199453661748918
ck_35694db37f0cde7a,0.0007255184916305753
ck_fe33eb743d714c03,0.004013037758691339
ck_abd10fbcbaf2b038,0.005674775812977263
ck_46d51648c1bf80e5,0.32279309264759937
ck_5c8390017fabfaef,0.009955402420834526
ck_87d55ca333f22072,0.000777891286899598
ck_c39c6a1453e2b92c,0.00044066971708781825
ck_69ff1b0aa143a168,0.0007226403230169416
ck_e57c79eaab35ded7,0.0013637232720410575
ck_463ae759e2b6ad1d,0.015329803312566498
ck_0dae4a7eb587f3ba,0.010419200125324164
ck_9b12fb56529ebc4e,0.008872088898009755
ck_1af547077ba2dd03,0.08006612620978529
ck_de13de941bebc7cf,0.0011951851670209202
ck_83dde7da2bf647ac,0.002041041307317518
ck_c80a94d4660041fe,0.018193701513435183
ck_f39cfeb277ef6528,0.0018060598793064378
ck_1cec1ed1512a2d3d,0.0006988927867158484
ck_7955a359b6448799,0.001510087922661039
ck_8c0955dad13c3ca1,0.0030572658751919684
ck_6d4cd2de601a2308,0.006645243392836335
ck_f4536ba8dd2d551d,0.0059890990177889954
ck_b379c198d6db2d62,0.029360689068857644
ck_76ea90ebc74bcdc7,0.009956177038354396
ck_734f06bd4aa92781,0.01032128450166638
ck_677e1d0c14cbf569,0.0018839977876751034
ck_259271c70f3fbcbe,0.015053907981320938
ck_c0b744eb9e7d4eb7,0.008211015148012951
ck_3d41faeb96802f68,0.0009275130026012429
ck_8f604fa70fc3c8e3,0.003583581182023325
ck_0b3c3bea0e0ed339,0.00610788703298854
ck_be5df076b8a86409,0.0017432258924876243
ck_6a475fe324d7d790,0.011962151410400114
ck_3ba3fa5387bacee8,0.0004116092903473703
ck_324b9939d9c1c31e,0.00498700634808645
ck_a7fcf7b592f68ca1,0.021823071238616154
ck_5b2728f7cca414ae,0.0005521356111930369
ck_5f4a25ffd0b85a47,0.020678091921923984
ck_63d4f5076fe4406e,0.0015253760058747412
ck_af528d66c86f0cb8,0.2056719339976667
ck_ac7cdb9b8da7b5dd,0.007151376412627279
ck_3bece63711407e25,0.020505875099734127
ck_d4e0b2a12fcfc35e,0.0015964010215587829
ck_ee3e7c9d3a9c74b4,0.08008435448361698
ck_50d7c4dab837bf66,0.0024628327058051763
ck_ebcb93a2990fc914,0.07954762779857556
ck_2329cc9702cdf7a0,0.05287524162333137
ck_db1fa53d588bf99e,0.0049938126455779846
ck_44e57a0bad5a0745,0.010506635791908067
ck_472c81a144f4631b,0.001641517200295034
ck_1658429acd5306ba,0.017137522146139
ck_466103ec5bd9444b,0.007204242134289403
ck_9757163e25262b74,0.015188612530097515
ck_34ed59bc2c9b0186,0.0014215260646768943
ck_b7bd3a7f263f4f29,0.018097320445556585
ck_149662b09d632e41,0.002774087437531869
ck_a9ffd6b3957bd41e,0.0009276778789360496
ck_ab80466ef615e85c,0.0005258703703526818
ck_f2c824d3473db24c,0.007295565062126664
ck_a4a01fd45936b078,0.029099805224820585
ck_8f6ce158c2902877,0.0008994143135123821
ck_5189a302cfa7cefd,0.000590983201711736
ck_430a3d03be588201,0.007667258692288436
ck_b5f9dd00914b4db4,0.008713003083408118
ck_52dec82e9cf6135a,0.003077263452567991
ck_95e444a01e2ab4a5,0.0036228881687704697
ck_e37cee7b123692af,0.009415996266455047
ck_d68d42858a55adff,0.028272714705859327
ck_3abfc010091d679d,0.02057580864436582
ck_cee4e4e1b62bf82f,0.006695932326458348
ck_9ccb17c35e636c5e,0.022070445518032878
ck_f72a5a3b0d6c1177,0.0009519588048846211
ck_7508aa554fae6afb,0.03259385977055264
ck_003aa842b7ca1d77,0.12450643728253281
ck_83b2b192f41ee2bc,0.15027891780469765
ck_64796b6b2c3c7f06,0.018189503660744663
ck_6438ae81d43cb196,0.0043462108348872605
ck_2bd73d9098504760,0.018784526778328405
ck_aa8b9b36a099e4c8,0.008073294525480787
ck_e5ece47d0dd10526,0.009037070917109527
ck_16077ac345472e6a,0.001638452458284068
ck_a4d6e152b0076964,0.002590316887858226
ck_d90b1d03ae151f62,0.005798262712841447
ck_18b36d342b530af4,0.004344641808227664
ck_2a01e610348b84f8,0.02323223627178491
ck_0a93ed76bf36c8b6,0.007187706332520849
ck_3d56b477fe2370b6,0.021552853911005834
ck_17ab3068fa303682,0.0011224108387407378
ck_592a3520d841d11b,0.006395964266691634
ck_84d07028b5fca2f6,0.008908252715256578
ck_f4a2bb10afa85743,0.0032495258673673004
ck_4fe4b072f03f2c1e,0.001218651128268358
ck_9ad08fcc183ea1e7,0.001050919304059364
ck_130d3848b9dcdb05,0.0025225028439771232
ck_bb399ed6bf28c230,0.01108295644669069
ck_a31a64a39a2c4941,0.0015476178024455747
ck_c49f25dfb39909cf,0.012310784461666734
ck_55f50a9ae2db8ff7,0.0019875576144833436
ck_09faa4e771cf876b,0.0038070613541681085
ck_df520a7a6e405889,0.020897917984270615
ck_8c8c98cc694ac900,0.06925487916534892
ck_7f0c4f609673ef62,0.016287810856934808
ck_f51fe59cd445d2cb,0.0030265530623080983
ck_b3fb83f0d772a831,0.005530778326379069
ck_d6e7e257751c299b,0.003099146737607124
ck_0d362ddb4a1cb6d4,0.006254505211208033
ck_a574a08edaf81781,0.001259198830780758
ck_a823f5bcb0e4b9df,0.0008000261104526101
ck_f792586ad0381eac,0.016449218417919426
ck_54bfd70022c66983,0.003330810320130248
ck_fe0a9372c9372de9,0.00203402428315302
ck_5691cd6fdb6d8147,0.00757749672666497
ck_a95f212a02433d23,0.004470345572703225
ck_f5adad75e1c06731,0.0243794804016247
ck_e09c97520eb0533c,0.0032716849217446996
ck_a1e13c0d58560340,0.0005379925677338993
ck_cacc2ca410cbe80b,0.019328334036494567
ck_c0dde2a6ef1e08c5,0.0010081181965678515
ck_a04403073c90ce38,0.0005914594297487437
ck_03d3026107175dae,0.00939350845257703
ck_50176dae5b1b716d,0.0047517780879774
ck_6c084bfcb38e96c3,0.01115930190268905
ck_36d2be9012f7909e,0.009960421726544672
ck_958acf84c6137a22,0.008088588011355136
ck_114722e12db90a73,0.0028031640912428474
ck_203c2a22c0c165ac,0.005084490538301771
ck_2c44ca550e5cfa82,0.009854331624062514
ck_df0a8f20ab8f14f4,0.011209378852062352
ck_826a27ff7555192e,0.011664565518878761
ck_09a988ebcf062297,0.01646259445900062
ck_5c82444b3b9160ae,0.002597634219441824
ck_f6a4a7ed27fe76fc,0.032834809157401064
ck_17de46314b5c6a92,0.003946676965932139
ck_335e63101b1e6c4c,0.05337415485845008
ck_c5eefc0697451de9,0.01034072436534653
ck_49a0efb5d4067b6f,0.15946525142682647
ck_c1f4509c8f5dac5c,0.0033646564492413136
ck_57658eda1c59bc52,0.0021530110737605322
ck_0d5c0736ec76385a,0.0005775335083725833
ck_e0239e6ae30795a7,0.008284771584404214
ck_e4459115cd8e5e4f,0.0029099315905347033
ck_bb4aec09d4968dda,0.05777968980568828
ck_a1b4c96faed3e0db,0.026969916887968064
ck_8247b79ac67aae7d,0.019527430358696068
ck_fe2fc7d6e5d83f09,0.002140405605488259
ck_f6aea576cde8d592,0.002076427287457806
ck_b7e7f7d0cd886412,0.023191784054998794
ck_ca7b993e8286af7f,0.008536704792007776
ck_47de038381a9cd65,0.005994309775723589
ck_d38f941d09eec820,0.009529192208702022
ck_d9ba2a6c0d926b4d,0.002140832931032772
ck_cda72f597330d0f3,0.0010429410055270778
ck_16d2d27fadeeacf7,0.0038638583208249317
ck_be05447853d423a9,0.0010251216962309964
ck_cd92852d7376a4a8,0.00021423233568988197
ck_2faf7ecccc9fec58,0.0003946316751468181
ck_db8733fd92f20cd7,0.008513471044314658
ck_a9989a3a94c26634,0.005400007684895967
ck_957fb25437c75e41,0.01362739565871251
ck_e6a6caf6e7de17c2,0.0025849744202228963
ck_f7bc569b37e8bdda,0.005030157982044705
ck_703b375dd86a6124,0.01243485207716576
ck_d3cfb3603f2c6ca3,0.0263688114632248
ck_07cb2b6f2a4303e1,0.010747719508541588
ck_31631e2028d4f855,0.002185994694149338
ck_1631bab0ba1256db,0.04843705511931805
ck_5fdafeaec036f016,0.01314809230485436
ck_6eda4c36aecad602,0.001575213086129267
ck_bd1bf9e3e29de281,0.016745752357128683
ck_bf378ea558a4125f,0.715542992410108
ck_7aa2deeda0e57412,0.9948622750062446
ck_d229cf7f5a3f38ca,0.006984179339766127
ck_9e109edd124492a5,0.0008256690433091433
ck_779491819995625d,0.43284996314557256
ck_b89c6fa2ad0a12f5,0.025665790507866985
ck_1d01b4a609918c4e,0.8375259257126098
ck_714c5d7cb17bc9f2,0.0019528707986517172
ck_269f1746f2609ed4,0.008981873682906484
ck_4be03a2aa62b93c7,0.00127226883221904
ck_cf920313f6dd28fa,0.005680616056807706
ck_fb00aae4e17740c5,0.0014876754483081195
ck_085d8c42739e2b10,0.9939656400002667
ck_c72a7d0d03cf3e17,0.11690151690150792
ck_8f6ca5d3b17eac6e,0.0008925451922887233
ck_d9573100bbff4014,0.29957620325126116
ck_79d6793d1d0cf43c,0.0010042645429504202
ck_91fa5032f7aff0f1,0.05788378311415667
ck_87110d84872c0fed,0.01246571044502617
ck_8220da627e9992a5,0.0010754938483102914
ck_2ae44938847f3852,0.017977863347294787
ck_b0f191e44f9b6f35,0.02167579432933901
ck_3049d744b527f4d0,0.004321288242409901
ck_47d3e8d1dd3fbcef,0.014262939108178063
ck_ddf787359d2b5deb,0.00024066386383129302
ck_b27a9e39726b26d9,0.0044605046798521075
ck_80c4e9274cf976b6,0.9895101071393159
ck_c6afa913168ce8fa,0.004166421061282096
ck_52427b3f8478db19,0.014921200188061968
ck_3b810f15ca0eaa55,0.0016906964771199844
ck_0c9e420f97baaa06,0.8079761727945348
ck_f8540cf3a8b2f8c9,0.07572564738148826
ck_1402d24dd623df72,0.002574555096602549
ck_eb4f4267e24d042c,0.0028626824684925547
ck_6f661b428d6fb8e4,0.02201483295419287
ck_519a26ecf3d29c90,0.001220212593980681
ck_e886ba71d4a6fd73,0.029761516242663343
ck_437f9ecd2016a1a8,0.0023260872882346043
ck_f01af1b0c977cc06,0.002685126873590724
ck_614f777c2eb5d537,0.0017993826986756455
ck_b804e784cde9af8b,0.0034434711675384983
ck_c2dccbc1b24b137b,0.13551087002578122
ck_1df4a1781a0f6999,0.005979359079899429
ck_bd2cdd53fca26171,0.014107628715736866
ck_424c254249a109f0,0.011112202503639156
ck_cf2ca4f286e289ba,0.01999342434488883
ck_6c33cb15b0d8af54,0.010781964816033197
ck_311d395fa9b8550a,0.003841974646257286
ck_9f792e7e721ff7f1,0.0012387821257628686
ck_4c37586080edb7fd,0.0010475400390960899
ck_7c4f42c5397113b0,0.004498652285785823
ck_fc418f53ce4aa579,0.9684389315077006
ck_1ba28fb7ef726ce2,0.007263232665365838
ck_d932f98bf6b83956,0.047690081934558474
ck_248b3659a9239240,0.004374219737621492
ck_6a92cf5f4cf5de38,0.010411976210990506
ck_65519d0fb137e0c5,0.003793226750719623
ck_ddc3fc99eaba2064,0.06742650483778459
ck_7310cda3bc65a73f,0.003695550826194173
ck_c01c85bd631d4054,0.00251285438088947
ck_b4954d16b9749829,0.0037408289155958724
ck_f301f6758e170d66,0.010143663837501527
ck_9bf95f8c47e7c7b4,0.002536278184118742
ck_c91b7fccf6aeb4a5,0.01531490694318639
ck_785fa45e86bc5e95,0.004812958938150017
ck_2a65f1cc23f1180e,0.0007610601320760104
ck_a49a2c1f881a3560,0.00900739294319768
ck_def344d68f06d749,0.011187518351107806
ck_abbd1465fc730d78,0.0030163407746618826
ck_07a5610ed28162fb,0.009561865591825201
ck_7ecdee2d7127be8b,0.0040493503170042616
ck_67858bc00e81490d,0.000794208413542221
ck_b4ad165ace910222,0.006082562291974029
ck_30753ffe481a1b8c,0.3715787124996273
ck_c401a26725b17177,0.0004560447261711991
ck_819988d8a7f26415,0.00289334996126336
ck_3364a1d9261b3638,0.003084149658004346
ck_c484c5bda389bf20,0.0010216762401734439
ck_ae416325fef92c9d,0.9595834985074619
ck_5517b9a865960542,0.0010740911104658247
ck_a0e96fed380440b2,0.0055420939212950295
ck_e83409471d2b0b44,0.0075717692808523985
ck_127273af97d7827d,0.002824043747812872
ck_aaa9861c91bd14dd,0.004496898793445594
ck_a378c58294001a36,0.8880615354501215
ck_abb9d65ff1f95b64,0.07219282274533464
ck_a5ecbefa849ae569,0.008690402001086475
ck_aa9953c0ca2bed7b,0.0005962399009314689
ck_40bc6de252865f32,0.0015109066446361322
ck_9fb11688dcfe1513,0.0017164116667006232
ck_ba68841ca2ba073d,0.005910468391470286
ck_1d3e561a7d20be0a,0.9932292512443638
ck_99a92d710a29c1d0,0.0023058655369249887
ck_ede2e887697ffac0,0.001316956739363669
ck_e6de67c0d82a7b83,0.029691238283955812
ck_6b38763bf5ddbcef,0.015962399992024957
ck_8dd44eead7d765a5,0.012127782266436715
ck_30bf5b0056eea9e9,0.38360421967011493
ck_2981d16f8a51a8ed,0.007297699582824996
ck_fc60f42c68c7024f,0.03394727905827559
ck_8e2b2251ee224aa4,0.007119275583658047
ck_1906f0dfaf6e9bad,0.42027360156898547
ck_dcbe6814fc4ca0b4,0.021831227573823723
ck_f7e958a286ae3b57,0.0012458150168611517
ck_713649668a7ca824,0.009588552950996263
ck_6f73cdbf9305e2ea,0.0065882450343159645
ck_dd1c490050cd9051,0.010135645051524715
ck_e30db36e376606f7,0.15105336597000235
ck_740d8fe8028b5a2e,0.003345937010275838
ck_ebbc9418cd41f692,0.0011795563742585467
ck_7b3cc6cc3f250f39,0.050491639971715
ck_1d30eef7110809e5,0.1939904130050738
ck_77e0589ab339ca66,0.01119602737698552
ck_15ccbf8ff7d14086,0.0028555510682343075
ck_246989b0c288664f,0.009296680142441597
ck_fc2a6e27b10b10e9,0.0010850402476217506
ck_8afc1112c12f5402,0.0022447125638783406
ck_a76e8d83b9141364,0.04907449931016951
ck_51d3e8dd7465c015,0.0037324091554645444
ck_e7b4016909405981,0.001611693575101446
ck_e7a3cfb9bf908e80,0.023274289692961327
ck_2bb49dc2388cdc1e,0.0021026665368310124
ck_94f4266ee7871345,0.0025768023947060565
ck_b2c896beec146477,0.00787090632586497
ck_fcf5d4a4748cdd53,0.002401009698884282
ck_fd0483639811f62e,0.09605140766705104
ck_9a21d183524734aa,0.02575438027816826
ck_1df4b46c0a4c317d,0.007004059162746684
ck_638df9e8a22dfe0b,0.005033881074066921
ck_65acc43a6dc3e65d,0.0015595823845766918
ck_7c67b73196e3d0d9,0.004174876356061328
ck_b0ee3a98175b462d,0.001164018695336702
ck_20fad010969f1abf,0.001156084463436291
ck_54b087bd873af8b8,0.004800269498298321
ck_8007824431fa803b,0.0015450598951264138
ck_23aab322810b9fec,0.004735591044698998
ck_c8001bdb9aafc8a6,0.00489113464734881
ck_3a34c3ac83cf84b3,0.001349901285583003
ck_60187ac2c473a662,0.990690643881108
ck_6a0ccd7357979f0f,0.035467717043557924
ck_27f20337bef5ffe0,0.012949998261466344
ck_f9fc468915afe49c,0.01195279892096356
ck_1eabc15a94bd9009,0.0031302505588747627
ck_26896c494b2768ef,0.007958716128928059
ck_348c874eaf0354f4,0.006519037934400586
ck_be9c46acd216b45d,0.019149385344856183
ck_a3cce46d15cc20a2,0.018744674075140168
ck_70804f60d9704128,0.04774392974476053
ck_a019151ca8e7527a,0.047901611150565376
ck_571133b2aa8ead51,0.007072733488028933
ck_0afa4449f20d5196,0.003130530177036687
ck_4d503c41cf4e5034,0.00894932323180074
ck_d6fb9cc5171e3e9b,0.7960479440844153
ck_05ed92a7c3e10e5d,0.017557705936907884
ck_bfb067986660afe3,0.019617410780578666
ck_c1a31690c8573226,0.0022685736310717676
ck_cb88ef3dc1f42225,0.001388841363943935
ck_21e3b3bd998745e5,0.029590428059043706
ck_cf52e46fa54e4540,0.0005836624829302339
ck_b72c7ac4208052ab,0.08785317266105994
ck_e6465c56b337e6c2,0.008291208511569285
ck_5f87eb05d18186c0,0.021499463784461596
ck_263f6c5ff26b5e98,0.0012200752849242174
ck_e0b7e2c0bbe228d9,0.0006800982566365192
ck_b657ae3c146cb7bd,0.0047175272676298315
ck_abac514d8167ea58,0.009546286383207757
ck_024dcab126876002,0.00793491026047045
ck_5d8481e2b38bd99d,0.014852754115812277
ck_edf229c17d25dac1,0.17737448480986748
ck_6cb7c97b72d6b5d3,0.004151045730539889
ck_c96ae2c28086a059,0.01167907905617317
ck_2f241b97c0f8389e,0.00808396094940086
ck_9158bdbb63ee8987,0.0065740220149303145
ck_e7b40b60786c1530,0.0012706539818088942
ck_66d38518f68e6194,0.0005948053448582556
ck_8c9b57ad2a991416,0.0024326404336539676
ck_cc91bd7152d3e9ba,0.007682986193385063
ck_0d846660c7957a88,0.001277653189134047
ck_60896cdac2212bea,0.05343667278503693
ck_dc4db8b932df49de,0.08486324574508994
ck_2dc31db181150e20,0.008806235314441134
ck_2f138fce1171e277,0.00248293688485851
ck_68b8b859a6ef505b,0.025708677948876456
ck_c3fe0c6c5e1f40f6,0.004633415119566125
ck_15886fe84866de92,0.010681134399707951
ck_ea269b35406473e8,0.003143187028550283
ck_3ce7cad1f69b71d6,0.007222209756671578
ck_054ed4288ee58d6e,0.01027579842658172
ck_3d4913a86f207fee,0.040152105680157216
ck_23ff85f9d2355e8d,0.007061142759401666
ck_d87ab3261322216a,0.003250780775495549
ck_fac046ce336fe39d,0.0026836347408808027
ck_beb97e498e6cf8e8,0.054053658241161075
ck_1f517e0ebf397b51,0.005402501183755661
ck_0af57ebaa45877a1,0.0019582164807903724
ck_f99bc1732ce5e999,0.01019255954621792
ck_abb056a9deab275a,0.012842670295557138
ck_0bfc394c5faa65cb,0.005537363159211725
ck_ddc865af1dd5670e,0.01826247617886077
ck_68b5542459638b56,0.043864129264457596
ck_0b1d84252c0b46c2,0.0012487555191453023
ck_520ec32c4f253604,0.02159024320730577
ck_79ffcfee599d77c7,0.005324800518600302
ck_eb224c0fd146253f,0.012322892997518414
ck_0e477084434da450,0.006973312190777983
ck_07840bba5570785b,0.004715412246725037
ck_6b67fe8e310ab865,0.010717886178585764
ck_e2a1068c2fa22525,0.021590034426060715
ck_b9c6b32f6bd92a3c,0.005977087265451403
ck_c1e7d1021ae58f00,0.000385369386027314
ck_5d7801201749ffde,0.00857400070549523
ck_c8806749e263f70b,0.000581060518628717
ck_c9eeab826781dc91,0.013677856428983063
ck_309a432c160a17b3,0.003663609418636724
ck_b22e3337b8e3dbb2,0.002623735912136233
ck_79c30169c71b8033,0.930123548757787
ck_5a6593d954085775,0.002486918195103231
ck_70b9b79ea1aacba8,0.006585231658636959
ck_63743141ffa11f45,0.00400734242211475
ck_dfd3dbd0d97a642b,0.005014750665267695
ck_635646a661f05b4a,0.007804916132077538
ck_4b123d6931b6d0d7,0.8467238471358043
ck_f2b0e7a47f442557,0.7589682593403259
ck_1b1df006b81d38ba,0.006174474549219595
ck_360237c1bd30f4bd,0.0013001610650121872
ck_5e84bca0e362da20,0.006724505418121011
ck_142dba210ed2f3b5,0.004878719481684247
ck_a3564236069e3524,0.06184300123133337
ck_cf36d8b070ded782,0.008268448027664205
ck_ddd6625c5eddad70,0.0008516195588747453
ck_ad54292a0b2f44ef,0.005313416340771945
ck_45cd5ef6b359e9b4,0.0017216842317538134
ck_982c2392238b7be3,0.16816885170846735
ck_083e4ac78685c3bb,0.003935372422647979
ck_729cc0b46cc2e546,0.10903426302917033
ck_f2b8995fe5402759,0.0007516249162970214
ck_73e24f5a8da289b3,0.030742633552814848
ck_bd85f30c36f5998d,0.020232747577611947
ck_ee4ff3aeadf912c1,0.0015585745103003268
ck_63d2978706e193d2,0.01911300431960699
ck_6a0684436a1e66c3,0.6378572232411919
ck_182dc4a2f5a366da,0.0012232222703264608
ck_e6fecb82fc2a82de,0.0021535681481328357
ck_cfb06f07394dfe64,0.0006054966716671403
ck_7bbe1dc8add17ef0,0.014771197939183512
ck_5cacad76e02c8e3d,0.9691928622998278
ck_ca68dec0c7df5a12,0.0023411172024956177
ck_e4c0fc52c82065d3,0.03485710805946308
ck_f9197b070416f443,0.002812976700431565
ck_2a07c7021b71cf65,0.004522138665380907
ck_4fa85cebf707de2c,0.0008103799957629391
ck_0063d2a9507467e5,0.005786879873842662
ck_ec986285fff05b7d,0.0012455673404528386
ck_279d43303708109b,0.0041435182598879
ck_a406bf11e48cf8c5,0.025579204612392624
ck_064b2aa3f0bfdb6e,0.003397007738174182
ck_95790440bc4bd2d0,0.004144345110815226
ck_70066eea13b4c34f,0.006826087090598438
ck_19468fe07e26f992,0.9851932074913632
ck_86bfe328e0a533b9,0.9716768438559547
ck_ace3b96c977a7560,0.0390878111090268
ck_642344e5c652d8df,0.006640434758803412
ck_074be35c951ae10a,0.010915780683458321
ck_f14dce41036486a3,0.9954473617469741
ck_5cf67a3a747e684d,0.10838831529013655
ck_f7285b92648c1c81,0.0009763779687568272
ck_bef3193f124fca5c,0.10047282796890356
ck_05c4dcbb45de1f8d,0.0011228367165125154
ck_d7c28eaa05bb7144,0.00525557684453914
ck_320df984791a1b99,0.000734202029420737
ck_f45bad1606fa00a7,0.0046793678247342655
ck_6f81c199e986d9fc,0.004406394909568723
ck_d0c9633fed57c344,0.013253921595338575
ck_a3c25d6cc7478068,0.0061504873795024066
ck_4185506d12cf9fa0,0.0006441674873817838
ck_7a02ee1bfba7353b,0.011520273817769072
ck_1b52590757c0fbeb,0.011617117477915715
ck_a0e5656e1cf9cbf5,0.0012677293679777982
ck_ace21f6daef94f6e,0.002441667251451534
ck_646d8d0834782d6a,0.11477628334860741
ck_1f136a4476b5e775,0.014372724689273465
ck_325c7643cce02da3,0.08730437124441345
ck_9b5e7fe28208f5d1,0.0018513559457498199
ck_05d81b1a150f31c5,0.0011251011170280549
ck_0e9ec486bff403c5,0.006699595592197077
ck_ee13c091bc379188,0.005162461865181685
ck_f7a7f8f5903617c5,0.004383399425380313
ck_96c3a3517153390e,0.003862899993022446
ck_538dad7f096458ad,0.003283312692529559
ck_8758fc6622bbb7df,0.020473521423789377
ck_f7e53af3c91fec64,0.0076610269267451
ck_80b50fad7f255e1d,0.002640537140205775
ck_9645e7adc08631b5,0.011302357246844296
ck_e007aedbf37d6ec7,0.0031670441474847912
ck_2951d76c41de2569,0.03370595712705247
ck_9439bff87e616d4a,0.007754491275067851
ck_a73045e96af0e4fe,0.005299061250136935
ck_7b382e533e2e925a,0.03073159618079538
ck_730226c2d216cacc,0.003086015194573488
ck_bdf837d761a7cec2,0.4100646414932484
ck_0b34197335ba3341,0.012731647574786458
ck_49170c4b31a20f5c,0.0009975314238456425
ck_cd553ba6589d8bfd,0.011129518550623524
ck_56b992c6f136fa5e,0.011534386206556307
ck_8beae3d7328fa41a,0.007343663144573649
ck_1a065ea906ae3d6a,0.001630638022883605
ck_e9e3381d5e0e5051,0.0014463930675034805
ck_a6d4f998dadc90c2,0.9183368811896179
ck_d36733da917115a6,0.022336211286766484
ck_e738e920bbd74a7d,0.010284669870454422
ck_af65eb885a51048d,0.0009799374947904592
ck_73f4eb09af29b1c0,0.029090206736536967
ck_8fc641b1750a2542,0.06541820277612648
ck_41b954c7a948c060,0.0016153864733357138
ck_25fc3010e8a0f6d7,0.0017069685975756254
ck_a2624e0387974e0e,0.019254914934188547
ck_5cb9d7b2329d5ab6,0.0189263765296055
ck_6c83aa1d100a7cd8,0.013038717982264544
ck_67025c64588abd1e,0.00544055961819047
ck_f5dde68f6f0468e1,0.001181304411044788
ck_46bfb2cfc29a6d2e,0.012361543024935938
ck_49dddb894d33f6db,0.010472650786719807
ck_f738b633b8862d18,0.0006861397993795683
ck_3d6c3c00d854f5a4,0.1577654815916758
ck_cdb8061d8d1a6c5f,0.002163023823264495
ck_5e1b81848718bdc3,0.00829607144889257
ck_8def763034187436,0.003973760035539798
ck_8f8e4fb9c6190272,0.0026202853100542613
ck_368b968b5f33431e,0.0006473354665844692
ck_ba7e347251ea399b,0.01560902419762819
ck_9075432001a64e75,0.006043080360671616
ck_73c5371635aca173,0.9197172552095152
ck_81793387b38047cc,0.0011998901206658056
ck_0cf220816e320ac5,0.0013570196372132445
ck_820219bb9c761b52,0.2676817549383862
ck_70a932ab39d86a24,0.0005112069627229074
ck_2c4be237a7ed79c7,0.0013731365127830544
ck_acc764b49ef02826,0.08588528907777881
ck_74c3c3452e4e7cce,0.0012078078556639164
ck_34dfb57e5bf31d2f,0.008286328366559778
ck_6ec39903f765956d,0.011181103664284573
ck_5986119e7d81e831,0.006545076852633014
ck_2ddfc948b8eac752,0.07634935930857506
ck_921ff5ceaf40a968,0.029298502268004255
ck_fb3b68b4424b5f92,0.029845811286844447
ck_c3db1b3ad4f16679,0.0036365707412560613
ck_124a197be41687f5,0.004748055572149186
ck_c58d9151834f5bad,0.009311532622842499
ck_389607982eb6b701,0.8953140063630606
ck_fb0c138c003e933a,0.0012370742792955274
ck_50d0bb7edd8c69c0,0.015036271477420263
ck_c6cb651149dc9a8a,0.0015009419175403623
ck_81e21354e477eceb,0.007186488369832727
ck_7696e38b3e4197b0,0.003956526482494375
ck_586001d3ed9e7fbc,0.0020244983897691323
ck_bba413492dc46f2a,0.003493679612109895
ck_95b894380ad2702a,0.07675714693444544
ck_277621473369614f,0.9957424225976451
ck_a50621b5eeca84b4,0.0010021527313595771
ck_bfa7ba218b988cde,0.012307721322133166
ck_5ea89567dfe78e4b,0.005613836004150727
ck_6c679602a6476ab2,0.006646329017887554
ck_d3885e286b3b11d2,0.05026423953130935
ck_cdcf6671b37c9c92,0.020709130294231503
ck_b5c93e6d34f8d366,0.0018132432166051518
ck_c24f61925dc158d5,0.09869006635998659
ck_cd09375e6c81d2c4,0.007118509748255712
ck_a95afc7a00303a26,0.007696760511776757
ck_8e89ca8b39f3f8ad,0.0059304509053579296
ck_9a84b396aada3fa8,0.28666437907664194
ck_5124a2e415384945,0.010162404866675339
ck_d66bb1f063357f99,0.0010291676703954912
ck_0fd9312411b0ac55,0.01280334242389081
ck_ad8cbe6e27e47ede,0.008673305917538229
ck_8398adeaf41f9cae,0.005595407576698705
ck_dcf851e7bb5855d0,0.0008482782863807777
ck_9affb0f26776b642,0.002336557722261111
ck_f0424b3b36bdbef0,0.025787679824888464
ck_66746d1090d6d9e9,0.0011276010597755634
ck_e5f8c8a5824db594,0.007111399524350795
ck_3e91dcc209431984,0.018130440958760548
ck_126a82e8d42e5ce6,0.0011535562407707252
ck_38e4a74ab256e2eb,0.008009211679277208
ck_1225a97fc413a419,0.04946762213688823
ck_9b5ec0f78e160e65,0.0020811879281629106
ck_7c5529bcc079600b,0.003983514584883409
ck_29640fc2fe81c251,0.05360162033298264
ck_160e9ba0a3f7c1fd,0.0007140961660791627
ck_bff090cb4ab76b9f,0.002811440774218435
ck_aa06ed358e43db69,0.0214304110242786
ck_7264486eb512d84a,0.015379565472223088
ck_f5a32e6160b28379,0.0017744735861194884
ck_4ba8bec14c2217e1,0.00220984090858295
ck_610815786d729d2f,0.0014440934719616167
ck_e267999226b6321b,0.0005172079124025631
ck_f3996a3c8eea1ea0,0.004587143666718836
ck_e9b75ed7567a3f23,0.0135901331423617
ck_d21612d48bb4f7b8,0.008145069819948912
ck_1f871df76c6a995b,0.12836017194401278
ck_953bd5de48ccd70f,0.8162101417924112
ck_02a9104419a6dbaf,0.0031556015557443287
ck_1eeeee651e05d535,0.053478502116439494
ck_e2ab04136a442a98,0.0018056594784941257
ck_f0d806624ef3d359,0.0049121426562831185
ck_4b68b38c1b3326a3,0.00647353955828491
ck_74e60495f8861156,0.010268209973822834
ck_398f3f4cf05c721b,0.0014991166395359795
ck_f761b7650a0c1a85,0.0025056071770322144
ck_7dadef33f5e2d94f,0.9928570558973316
ck_6ff6883633b8c7ba,0.0009120450645412247
ck_4d2159603045109e,0.003970161837302143
ck_a38bd07a5fac5c9a,0.0012883047030618397
ck_f517f06551e69507,0.0053577291995145025
ck_a7ea00a1760ad561,0.9860870129722954
ck_31fc51d5a3dfe16a,0.005340657740199513
ck_bac5233623b25ca4,0.002835859730263126
ck_385188ab27784fe3,0.04161560957816627
ck_9947a323bab5cacd,0.023389227079890006
ck_7973edc9f22ee7b6,0.011436246500861088
ck_f97c477986043755,0.0006711893227681929
ck_1a3fd2cc4b4de196,0.010943766156610439
ck_e18ac29ea62cb435,0.023503345263792462
ck_9720a472a3e0140c,0.0011780363413361633
ck_668c7fc7d7e47c0e,0.07692499768059094
ck_214af0806470ef48,0.005983511026290097
ck_a46c1773f01f0be7,0.06421595769541126
ck_f2bdcfb4203ffdee,0.05558910065861835
ck_40e84e6ffe788a4c,0.005259761063571663
ck_dfc6f5712d8d6678,0.39480245462764546
ck_01ef1036b2e66a4b,0.002515761235667637
ck_3acfec10eec32f9c,0.0029907340051145872
ck_084a85145c15ed77,0.008364236978350993
ck_fcdb4fe2f095fba1,0.11720809332006354
ck_023908db0a193076,0.05805451732990582
ck_fec0ff92fd622253,0.011221495336430094
ck_c009c97d5fafbced,0.1477066749795626
ck_eb9f0c06ee017ee5,0.003629773120021263
ck_d7792b429620fc24,0.003728135867459363
ck_5e9e149a3b69c726,0.008976671643704772
ck_ce927322ef8f651c,0.0025269467035727053
ck_b8fd61a8e82bce32,0.9600672828794851
ck_9aafc33fba1474cb,0.0033162281531819633
ck_ce81ff9b8b35562f,0.0024981925160726414
ck_25bfca1d8eaa152d,0.0046480739601702185
ck_170c65860e2a7e23,0.007939637825881148
ck_952da7ca9f33decb,0.006190823940462166
ck_1ebd574406235957,0.004752427699698703
ck_589109a188adc2c1,0.001746918565297758
ck_f0cbd5383bb07778,0.059462554563932325
ck_242521e261148fba,0.0022954475071438377
ck_509cece86a558de4,0.0023386709138132527
ck_0dd7c5925d28755c,0.004533140152907083
ck_a7e669cf1c3985aa,0.011798090910206735
ck_acb84dc2351eeb76,0.0010887013391682732
ck_b837c7dac2a9b931,0.0639467929809024
ck_18eb1f9181f95df4,0.0007888229848875981
ck_b0b9047dddb1ec84,0.883641771060401
ck_43aa136bdb0a2832,0.7599332862736423
ck_3e47f8c56c811700,0.0020327873397336417
ck_77c587d24695ea15,0.019188357525423555
ck_20578ac693ea4e93,0.010902776862089954
ck_b9f6040eebd1605f,0.015971834857519737
ck_ca9d86f65cfdf018,0.0021514649526236784
ck_a4fa8833995c716a,0.0018486781175428696
ck_f589f1e29301b5fd,0.004392342824656697
ck_961ddb8ff55d868e,0.0006168670558337369
ck_5662492a54e6688b,0.008418297150812815
ck_ad48826c1c26eb78,0.8917512034795196
ck_621c9ddde6bf2eca,0.020238997765628326
ck_417a3500b2c717b3,0.02252451069602295
ck_c7e129058beb3ac1,0.0065400313161485995
ck_ec1c902b9b9b9c5f,0.06131663308177633
ck_317360ec0a67d27e,0.04126162248382131
ck_3e3ea5d8c4a229dc,0.013197268045975008
ck_d11d27de7bf0b973,0.5005289331317379
ck_d37d56e931105db0,0.0018312351389125551
ck_4863077723cd6ce1,0.0009288575251087278
ck_479a065d5903e9c3,0.00323299353386271
ck_e66ae4fd586fedea,0.00243145702776988
ck_192bbfd0d5720134,0.0028909518850633955
ck_3b436cb29af99f3d,0.012939856759975296
ck_7c7ca54969eed187,0.023351715231735657
ck_826ee896c9f1144d,0.8572056547586377
ck_ba1f6dd43fc8a0b1,0.0038034541783450596
ck_49685deb63e4e8f8,0.0035127255664472085
ck_687ab5d5554bfa79,0.01804517062642716
ck_41346ccd9242cc8f,0.0015340062283102853
ck_8f8e5e2b9dfec3d1,0.08494001942495089
ck_94d5ce61a0c50465,0.0032040376740941866
ck_6b954c75aad8c012,0.03792595936515168
ck_748af92828c9d288,0.001442508453405221
ck_dddd14091ce812c2,0.004898032706662353
ck_723323f6870fab59,0.014877381535996586
ck_dbdf8d0708cc6718,0.0013906229387983088
ck_f04938570a154de3,0.0017295893559244537
ck_58afa1550b3b5294,0.006513531935522674
ck_3b150afde386ecff,0.010595351924472026
ck_666b95e75d99ec4e,0.8928752546660601
ck_e00332597cf1eb24,0.008730338661403762
ck_9a9e3dac79280d7f,0.032718039238705685
ck_e8d37262e859d9a1,0.006877264078178798
ck_895bb39d24bc1c4c,0.0017673829132968087
ck_b367449195e36499,0.005670606000131963
ck_d23f9a50d1135ce1,0.04361486537665974
ck_670dc4910cf476c2,0.0006831990320545718
ck_3ecd8a5ce65e21ca,0.0018565007715146118
ck_8584fea2df4c6317,0.08937525895095597
ck_0789ff4562202b20,0.010005600418769993
ck_749e0e50c3907be8,0.0025648958859142584
ck_c3ff6790cc6d7e34,0.005812105713032418
ck_75fb7e56432ee4b2,0.0008392883401086428
ck_529fc3170fd11abd,0.01988728675344518
ck_34a69b3b4a681796,0.07531105393126217
ck_255f0e5888ae9e23,0.027886124791822276
ck_65be698386474170,0.0009706707025893943
ck_5eec9ed855c26000,0.004368086079186996
ck_5ab39bdc9610f6f3,0.7539415898173314
ck_1b5b75762f033462,0.0025978584375921216
ck_d3e208671cf37f91,0.9794352270048124
ck_5068ee554ceff971,0.05398085323122109
ck_d7d50fb57fcb2d0e,0.0012858697069719031
ck_ba6e1115fceaa067,0.0038047361803351457
ck_d07bfb16a4a7dac0,0.8717808248220535
ck_ead68310311690c8,0.8559698883487974
ck_ee53ce862bc9c111,0.011780263052762457
ck_97e56e6037024dff,0.0007049419985193717
ck_80b04344c98ec072,0.008916282459942752
ck_5954f45a2ab45f43,0.009612599944708929
ck_18ddf7e836256e3b,0.006430270606468222
ck_89a1a780144d808b,0.014651082093163712
ck_a7331e8b808c39aa,0.05739255823170193
ck_a1fd0ad03ff9b776,0.029905675527204335
ck_c0cf50eef030b401,0.0006525330220987326
ck_074f20921189e7d6,0.0021008819589808775
ck_e2aa7be60794593d,0.0498140294084197
ck_72771757dfb7f7a8,0.0036501236102915945
ck_a9cd84a6dddfe584,0.020796557477172274
ck_142c00f9f8557504,0.022747750250839797
ck_221b5d40358230f4,0.017086329814947242
ck_a2d7a563f520b7ea,0.0017340017713547695
ck_66cd34bc568d95e0,0.006640760621523458
ck_a17128972d3e507d,0.012795642654428419
ck_bda299466bb2136e,0.00778316080483533
ck_2b699066665abe8a,0.027462863377902547
ck_0ac9848bd4ba0c14,0.004338186515160213
ck_98d2f9a6ba3a3077,0.2258475589145706
ck_a872df31b28a5f7f,0.040502029257172285
ck_7e73e1d44ce82ed9,0.002141384990573252
ck_1a415416f620d49d,0.0025133271057461637
ck_c95c786d2f8b8edc,0.0029639664496926075
ck_e45012f22b7f91d5,0.0021043996601354973
ck_aa0b083e2a6813eb,0.03160453411070199
ck_4666232ddbf77756,0.0024691459851530744
ck_e08e9c8ec5f23d8b,0.004022632401600438
ck_31d4c0518e5f52c6,0.0018957719555835033
ck_c1ab40638f04cb02,0.0027251506844419753
ck_4c1fdd1669c7cf51,0.001190808444579648
ck_11662cc7940ffc82,0.01947325925436678
ck_2e679af24adedac8,0.002550580466102186
ck_454b9e21b7f25a4c,0.0014846787926349116
ck_355c4f29089731e8,0.9399069533457542
ck_507e40760a24d2d5,0.007483475727099428
ck_0943e0f305078e34,0.9917727487832406
ck_abc54ed7111e9ed1,0.0018176410562245522
ck_a60fe02fc04407a9,0.010902057971735202
ck_244b897bb4d57c1f,0.003698551669779333
ck_8c84fcde93a04334,0.3077411835940654
ck_9eea37d2de633b27,0.00494104094805572
ck_b2cb9e6610eca967,0.0034351500295005007
ck_09aadb4c41b166f1,0.046048247698543904
ck_8d94fbb4828ef326,0.00204640555066678
ck_089e3a07abbe3b8f,0.00229495430520036
ck_dfee9de05e3971cf,0.007626567953881591
ck_6abf8302ce052451,0.030390233519279348
ck_6ffa90143838a4a2,0.001110247151845708
ck_325caeab5c7a9c3a,0.002506201833740078
ck_1964ee9db929a173,0.9100566977549155
ck_942b95988a6245a6,0.03310970318820511
ck_913ecdeeb8e21a9c,0.0036677796207663206
ck_ecf9794349eb4b3b,0.021411436605990958
ck_b6cb8d6ae828eed1,0.028684352627218683
ck_2f82ea66c4f53b33,0.06497317272640732
ck_6e676daa4855b58f,0.02297809634515093
ck_2a37fef48b44e9c8,0.025011042662918696
ck_3bd12d468fdc2450,0.0056352222243631605
ck_1a28b6a40a6bd3b4,0.28669138460519267
ck_61b79dec96d15713,0.0009632404298896759
ck_31d5e3daced93d3c,0.004982185583045104
ck_e6c8611c0cf233d7,0.0007277732082410749
ck_f04761b4a937ac3b,0.004011926921060754
ck_38c1c75cf055031b,0.012795525504964086
ck_59a561f3df01441a,0.01043586842913068
ck_04e40f556a5062ef,0.002642469637673537
ck_8409716d174635b6,0.006623863603010932
ck_3019afee83342701,0.013916387857239271
ck_b51a58e7f032c9a8,0.007929112912463697
ck_5043e474f848346d,0.00920830723300577
ck_4388abce33ecd01b,0.2736084442793677
ck_c93def7392f0aff5,0.011985929504699802
ck_72e7b1acc19df820,0.010255947994181058
ck_f253130dc3ca5b3c,0.0013667201488745746
ck_eb264d1b180d4b4c,0.01724181786938116
ck_c2504f5a113433ee,0.0023939483177953264
ck_c16ab1e4dafb4910,0.14264452917788342
ck_4bc42878fa180991,0.007803761537739103
ck_1c771a7c78f6622c,0.022850593212795995
ck_d523f0e50a2747ad,0.0017443770584185704
ck_9060f4e7ab7a1b0c,0.00239430106720625
ck_6b55ec4e87a5e22c,0.727806993085946
ck_55fc62a5f89a7251,0.01745012722139954
ck_bd2545c62f258231,0.02302607773358684
ck_1ccdc69d0bb712b4,0.007686366691178776
ck_710f867a3bd5898c,0.0016834668186316976
ck_f91d48c40337d375,0.0036130689718423025
ck_f76d929541ed41dd,0.01738778870645451
ck_e26a6659c237b650,0.013768393483037072
ck_184983177b73dea5,0.0036252799855892
ck_6d0d081bfa8a0022,0.0093912530442659
ck_2f6e64f638da0f97,0.0007498912626861717
ck_15b93103ccd38609,0.0035574137622027143
ck_094d10439b7b4eac,0.0014846716732761615
ck_d2ca47180a926ba2,0.0050879810418006195
ck_a69ca7b9d70972bb,0.0014912432464571509
ck_68914e67343a7d32,0.0024224093376445906
ck_8176616132458c0f,0.005470017083252287
ck_eee99af3598311b8,0.11618136520956435
ck_94410eedfca91304,0.03843000411014897
ck_cfb11a0a2325bff5,0.001331459052980601
ck_75217ee144b715f8,0.05031453644424618
ck_d56fc799542299b8,0.002028411660746921
ck_4c352dd3e7c81269,0.0171755537490438
ck_e23e50e02cb3904d,0.013562407284301272
ck_b921af37d500e139,0.003600185143966673
ck_82181b935360dcbc,0.9872801152139778
ck_22a7cf3b99c5e5fd,0.005913924805064406
ck_f67ee7910d532216,0.01645578903016394
ck_5f48762a14a0326f,0.002641921777429398
ck_1757fcb0e6e3f88e,0.037889943983145824
ck_2c2f080ba185016e,0.01626879365493143
ck_4c25570eb72711b8,0.003150380860973634
ck_a3be871ca22ac416,0.00465699672713068
ck_ab70961e7c6695b2,0.00428088769828632
ck_a1cdebfc42a52448,0.002043071088437028
ck_f1b80b821a20186d,0.03541341055428327
ck_ae668e4564cd2aa1,0.0020275806575723717
ck_0e2bc3a5afa439d8,0.022903109090590724
ck_3dc378f37d0b74b8,0.01609832382197913
ck_9f9555197480d1cd,0.006385101288635234
ck_bf4e7d48770a4a8b,0.0411930911417985
ck_614ef655f0685060,0.0016845596274460896
ck_04d2ea38ee27770f,0.0005531866060092582
ck_e03a9d8ac94161d5,0.0016485941875290372
ck_d4007b5b26d9d854,0.0014970852499740386
ck_2dd147ce6d61749f,0.01495754245065851
ck_ff45764ea7d6619f,0.009998899886278789
ck_dbc487cb0a6c18da,0.9591343584527232
ck_791d5392bbd80447,0.009380202737198563
ck_b4068439c413b150,0.009021730632832561
ck_85df7b7de9700aba,0.003153715456532251
ck_001e42551cd06e40,0.004681437126205396
ck_a6c02ae50932cd9d,0.002601786200581197
ck_9fd0be2c018ff5e4,0.0017700796423244392
ck_32a495128395fde5,0.004874006729388035
ck_b6f2a2fd232c141b,0.0069427837317780185
ck_28dde633692904b0,0.0658578628554007
ck_a1a93c5f375f6021,0.0011956748275259248
ck_e3982142336782df,0.012039791995044942
ck_a9812ff3c111ea94,0.018537487048831902
ck_f04062216f95fa00,0.009105385724319584
ck_7c560467daca735f,0.0003827389725993346
ck_76ee10d6e2dba70f,0.01133885398554697
ck_3521243bdac61178,0.003920863446543757
ck_28588fb03b320520,0.034479972190237254
ck_580dcec33ec232b8,0.010320263530517694
ck_7109923fd7dab20a,0.0038219602262905606
ck_7c872c99481c1e9e,0.00613031686452545
ck_46f4e1f5026f4d1b,0.0005470490744290615
ck_00d1ebc31ec4653c,0.017446870940426597
ck_aac70764dde15168,0.01623369204220717
ck_648c03f9aa4e45f1,0.004916263078083943
ck_5478eb69ef912785,0.2429048520037969
ck_79b8523137bb2603,0.04275161641104515
ck_795c49f312640019,0.0013445161918697454
ck_89184bf7b7fe41cd,0.2495521873456518
ck_97d4bd922996fa10,0.0035643486774464385
ck_1cef30d08f3a598d,0.0009811748977615435
ck_2f9fd36a4a40a6a8,0.0007921509215825693
ck_40780fc0f8d6f309,0.00934366014741116
ck_9083ca9fec2a7f4c,0.0018570115967455306
ck_62081bc35aa59931,0.003101709484881939
ck_2e1b46c5fc56b863,0.02413715351046109
ck_3d139692c51b604a,0.024290670179483755
ck_b5e54e22e3d6960a,0.0012268314712178493
ck_c0c4be3f44311b04,0.0025011258959155304
ck_82a8bdd2692c2a5e,0.0008619017464181561
ck_bdd2da300b530c5a,0.0024408172458254994
ck_ee40498cd97183d3,0.0013148243762540982
ck_70b9274473bd6dfe,0.0011147450432006352
ck_473d6314ea614b29,0.0033528998744927637
ck_7443d6dca8cd1352,0.0036024153760769576
ck_3b49768b448b071e,0.0088728321925213
ck_b43f04431c267dea,0.0017752493787802995
ck_4424a5223ba2fe00,0.01855702492635363
ck_819bf3e8231f4081,0.03516195207335033
ck_91d417507a8c58cb,0.18161230156404495
ck_e88e86b19cada4aa,0.007173003785565184
ck_59684167f9c6bf4c,0.03814680864549359
ck_d5f5b0dc97b9dc27,0.003751167514122299
ck_13d1b192bbff8f32,0.004005386275281955
ck_b21d8630387cabce,0.0005080859535975022
ck_e4ac22046699b99f,0.00451797933727538
ck_74b848064f2ff45d,0.002356469150480961
ck_166aa980cc87fa77,0.02371581758676882
ck_98e337806104dd88,0.0014250525715677905
ck_66eb09be007f0755,0.0068405990166598065
ck_3ec9b9d8dd7be11c,0.018919412429856113
ck_8b8b9de339d75d0b,0.011253341189825298
ck_6715139e240007d9,0.0037360435952100077
ck_a0255ab46e122d2f,0.0005168105785205965
ck_66e81a4190c33510,0.004297960207528817
ck_5d75ea4f5c9080bc,0.6260369677351532
ck_df69858b8a8b3165,0.003010399280063437
ck_e15252ebd7553422,0.0014358460134417542
ck_34d6d74bb3ed11e5,0.0009784031206775386
ck_c2608f78f6851d10,0.1814025991028923
ck_bb99071e8f58c8a4,0.8290106949030077
ck_06010f0df5b7cef8,0.003870587763822322
ck_8c582eb0f6c0148c,0.003044078961915094
ck_0034d010d28aea78,0.008650029178899616
ck_01c1f06692566ca1,0.002828224346879353
ck_4807726e797fb893,0.014871895795799192
ck_edc9668282e3c8cb,0.004551483079008063
ck_5486768475af7bb5,0.8392152000333271
ck_3fb9813849e51837,0.003796239000675854
ck_861af5a9a9a6d619,0.0013700941538837307
ck_da39653add0f1109,0.0017547227703387457
ck_74a4244eb1f162e4,0.0005788743281016619
ck_9a930faade55b8ea,0.0013388317606463872
ck_fb6e06ca88519dcd,0.0036771867739527563
ck_9776cd8263a9f415,0.0029990861006190324
ck_b3dd1198ac5aea73,0.15073897259362382
ck_b6675a04df1a4276,0.0035656894083721984
ck_5c7ad6e731b69333,0.6641894011221726
ck_28dc0fdbaec00580,0.03529305136348756
ck_8e7a32f7e3905f4e,0.005561133199967766
ck_8563fed6674afc77,0.003982991356705681
ck_9a2fcccb82da663e,0.014625397360283964
ck_6a519bdac0d94527,0.0017602082420238505
ck_a0dab7aa9c4a39a9,0.003137089117753733
ck_a3ce05e9e5e32142,0.010018654973130096
ck_7a7e40ee3f97c035,0.053351180828240904
ck_9e9a830785112a73,0.013080078399328001
ck_ab1bb02f6b189304,0.7499249122764302
ck_7b8cb0f90fbdc8c6,0.004541753062906959
ck_b138fc249e659e60,0.00798282600692286
ck_e73caa3771ec5e0f,0.0022122574162680925
ck_18a55b06ccccd88b,0.017480127527710172
ck_fdcb1d9265d8fec1,0.04538687521983163
ck_e21a900556b382ad,0.008670978984891383
ck_c6bf67470f526771,0.01482994643754772
ck_b568ba3837afb39a,0.0014157257202301221
ck_a2858979dd5645ef,0.0012127949728420189
ck_1da9d40837ebaa57,0.006109459901169098
ck_9341c7959543c542,0.0008679311376747033
ck_c8ad86806b9a2369,0.008589587522131455
ck_5c85d93ecfed4b0e,0.0014479985538654989
ck_f07b09879d697b82,0.005912267873024837
ck_fe43da07608b1749,0.007839673373271686
ck_4bca22b5926b9c28,0.001212037394230988
ck_aba573aa942b1d41,0.014423961430563589
ck_57c14e32fa4683bf,0.0012986448073025539
ck_891530b489ce402b,0.0034739043945134405
ck_5e74fdadb93ff293,0.01162040812015024
ck_14436a409ebcc90f,0.005110814976107178
ck_00013fdfa0bd37dd,0.002750590535834476
ck_7dbe24ba01316775,0.036064133414869165
ck_0e3f80c1553c591b,0.012221479538763586
ck_3edc45db58760d76,0.00179444146852794
ck_29076a13f539187a,0.549777884742838
ck_b1e81b58b9a545ce,0.023986788627277128
ck_3f8571d4f7420b2a,0.008862860085441009
ck_7dff6abe4bd644dd,0.6152100726186388
ck_2884bab237af16b7,0.009210046178148992
ck_231e6dd1fe708000,0.005750746751553721
ck_33ecaa7b892e73df,0.002206386633980152
ck_b109ec4c63503030,0.03070273086249848
ck_a7f522382509cef1,0.0016544263891054406
ck_748b3ea941d8b3b9,0.0020890320685864024
ck_29f3a1737a2d9634,0.003402850332187255
ck_cee8d42475a0f020,0.05907696072389618
ck_c6b6ebe145a8ffab,0.0037387149725121326
ck_21c99e1d6b881894,0.0006902370835229698
ck_5ad798286384484e,0.004009688399038093
ck_b621b6ffcc7f4848,0.0005246010973241986
ck_ea819e337233475c,0.15471300774551217
ck_9e3896c2668ce06b,0.011775025181291593
ck_501dcf1ead036d2b,0.0037164242784387285
ck_8d5eda29a2cffa3c,0.0033317137855258484
ck_4d3aa36ff83f1132,0.6332733553489749
ck_8e9faf94e3e6c757,0.0008741077499592282
ck_ce0ec41f96951048,0.007162159322276945
ck_f09165d73ee903b1,0.0037467989525308597
ck_a432b1bf1d3b3d5e,0.5907669216001892
ck_ea618f720ff0b4b0,0.001110508805428147
ck_7584e7bd755cb28a,0.002925763485707859
ck_e14681aad43e1a72,0.013999399939719543
ck_5e18870d8e30e379,0.013537175890727168
ck_ff7c26a62bda8089,0.0023707522283148547
ck_cc5a35175d381d5a,0.004595552982796244
ck_3c25029e40aa8a84,0.002983316147028809
ck_771247b5bc16c12a,0.0032911197237917586
ck_664b5e02759f985a,0.0024666926679697784
ck_692a9e8f504b9762,0.0009640158337516185
ck_df8ad2deb0a4ffed,0.012494389582341127
ck_eb48c0bcd12ea654,0.011591058077078203
ck_7c77e597c951cdad,0.007472019511699632
ck_4f75144c6f3b13ad,0.005586786166570175
ck_1bcff399166d7c43,0.0032471813478066242
ck_975c2aa3d4a8c51a,0.002631104550614439
ck_bc6f07b06aaa4ce3,0.6042079545301505
ck_80b072b7f3c7e8e5,0.0024156362001035124
ck_471e4018a23b4e56,0.007572956418081926
ck_53cddfba570b4a3b,0.010847858575366336
ck_630530e50764f229,0.006928908022528218
ck_dcef7887a4f1e435,0.011082260831326528
ck_2795921a055643f6,0.008649196437766907
ck_7456df89f3792235,0.0037461545821966652
ck_5014a3b07e1f049f,0.4391726361055806
ck_d4ec44760cbe03f4,0.004129980761949903
ck_96810ad39d4cb7b0,0.014609588606238871
ck_3222ea25aa29bfa6,0.0004294958473561511
ck_f6c42001b84a10cb,0.033874383799238884
ck_5ac86682385c86b8,0.003544028693182961
ck_4280c33af57eb4f4,0.0009887949137744967
ck_05f79ddd8eefaa56,0.010398483492754462
ck_3a57a13ce032a6fe,0.0021409519062201158
ck_a721f0d635fad68a,0.004731787497710959
ck_a3f821bdf408c326,0.0018668380517728618
ck_0ada63008be5685a,0.011012996190307274
ck_8c949bdc6e8720fa,0.03903994176346024
ck_c0d2c56f9c722e99,0.9830151997207676
ck_5d2b9e6e087b8dfc,0.9934731799003877
ck_5217b55593a332ca,0.024710353165837397
ck_7a7bb9be5a7e48ad,0.008386014244241142
ck_24cd0d779e866287,0.005529846572991416
ck_7367917891a63771,0.012916694716276007
ck_4b31a8862a857e6e,0.5386334506020187
ck_81429c4910ca46cd,0.0006723687256627539
ck_b35d803568f82d9a,0.005664425680905238
ck_4b00e75c2d2d0522,0.0013837202263219633
ck_77fced07f6dff42b,0.006877985963159629
ck_3c9a06eb07c300e4,0.0006374185881480847
ck_b3867f7f494db64c,0.000648684258419768
ck_0c45e54897ab34e2,0.021648812922577414
ck_507a6a580ab55c76,0.003626319393351568
ck_291bffc7809f896a,0.0025995423092305572
ck_3753cc5b9d02e2fd,0.0010604670185812505
ck_4f63d5245b3ac1dd,0.010372249466679353
ck_9dfb2ae78659240a,0.005763216921789702
ck_90f6f5ced708aa75,0.0007614489476072407
ck_8b5b5a6b5539e39b,0.9639029223670199
ck_4719112b55d20161,0.003614274163534678
ck_fec888a7108ca52d,0.9822977638709205
ck_4f5d022c99f118b7,0.008672778832057281
ck_e967ff05514b697b,0.008849701352640285
ck_839ce35819bfa4fc,0.0007175464977467837
ck_bdee1221b9addff8,0.003581510924306965
ck_9cde4036d0914427,0.006046285641330987
ck_5ac959cbcc5e98f3,0.0007126287137111163
ck_619842688294dabc,0.0027670992642941697
ck_7373d7b04c7799bd,0.09142727927472191
ck_c1dd3feb9a0b6471,0.008439158315479077
ck_0324a4812ec319c6,0.0040990713149821004
ck_7f3685aa2933b251,0.024839423046119642
ck_06aee5a62a67a84c,0.04122423658276633
ck_3428910b44b9d08f,0.05087332545006208
ck_c3ba7534cefc1de8,0.0027297907581024373
ck_1f1273a67cbad5e5,0.722635560070261
ck_124565a11b2f8bb8,0.00522878286657245
ck_38e46bc861e0165b,0.009813323751099778
ck_c8ad3f01319c065e,0.05694063470472027
ck_3f94a34f5038f7c1,0.4426398317911963
ck_cee56be5a502fbd1,0.10431814714687156
ck_2b90b76cf4d162f9,0.008598258791771817
ck_884b2e463ff1d54f,0.0020737534033292006
ck_fab4f2f8531b4827,0.006609923866428807
ck_4fc6256e0e60a926,0.004113480983104225
ck_0a2f8b2f8a5b6f02,0.0010903640583487188
ck_9c0deab8a8367c5e,0.0003968608774906412
ck_d3a2a4c011fa2554,0.0012917137878132596
ck_4108b4038f762817,0.3932125529397209
ck_4df036e2aa7e1056,0.0026513725621471005
ck_ec094eb1cbb3efc5,0.0010884422261820267
ck_09f8f51bfd2492c6,0.008455720473817449
ck_b60fb9a10d6f4489,0.017565798867753647
ck_3638bc3388dbc1bc,0.13720267436527162
ck_7a58e0cc9943c39a,0.0016798739202820636
ck_37dab6a0a536ed49,0.15591833452485682
ck_adc576690df5b33b,0.020911972440882703
ck_1383b2b1875000f2,0.008810750311747884
ck_43c1248db37a2eb0,0.0030013072464534817
ck_29c11bd68858e923,0.001171592594837012
ck_9401f9e11f65337d,0.00422685280363904
ck_ce5ed372b1a2ed6b,0.01910293946899441
ck_08b4619490e751a8,0.7950818977036409
ck_44b9125526acb05d,0.010549113497604267
ck_ef1a1de20d2124cb,0.007199457608096283
ck_e5e2624b7fc89774,0.012061460851387212
ck_f5100511609b92c0,0.0004680389241414568
ck_64f3bb17101b7c42,0.005947026077111859
ck_ea1e5b5128ecba2c,0.0016658441709805016
ck_516163fcf04d5e77,0.004340827901539113
ck_7f9a748110d70005,0.0034085042258601072
ck_d263b55f0a681cce,0.006280432508613679
ck_0e962eacf98a813e,0.003064218659106456
ck_0406931800e0e2e6,0.0034405100477216525
ck_0e9b982afc88a3a9,0.9980031740435674
ck_8bbb625384edebd7,0.0007817246670405867
ck_5eaeb87bf6207406,0.9792987963497938
ck_cc3318839c4b0745,0.002395710316920015
ck_08a0355d1f1890ef,0.0018256162706285508
ck_af7ffd1a822460d3,0.09675282048477993
ck_2a09c7aa870edb6b,0.001102422441793678
ck_bc04f51c23290bcc,0.005086583098084004
ck_d3a8333cb389f4c6,0.002576508015434659
ck_88e3dd3039508332,0.01159659594712293
ck_b8c7771de9b57705,0.007189777226472895
ck_585ababa02383b50,0.0023854527114813163
ck_e988c108754cee9c,0.006638719357549399
ck_4a691892d9d6cf89,0.00442371506476361
ck_7cdce37d895eefb8,0.005052364385792359
ck_483fb981a1fb4317,0.0013640565840006317
ck_c1e5182bd99e0e35,0.5309167704862826
ck_9a1e3ec9a1839939,0.0061996047949716415
ck_5c3f13de0dbd5086,0.006558772813653857
ck_f4f6f0caaab70040,0.004709985499259958
ck_791be3378dd7d64c,0.004407077406430844
ck_956dd784525f5886,0.011516298262580119
ck_098167eaf124c279,0.00936271063322884
ck_33ecff7914349ebc,0.0031911097859300074
ck_e05d44e46c7174e6,0.007873358890204246
ck_1b2ce474fa6582b4,0.03426862740526152
ck_ab581082e8f72e3d,0.0020086928331159706
ck_e63256667aa19070,0.016200353290433133
ck_f568772b6cb3febe,0.01844023737627689
ck_dd89a282375bbab6,0.07815589377118251
ck_a39d0bca345b492d,0.0038442177386441437
ck_d12d2924d0f7a64a,0.00772796690305193
ck_6a548da1728b5823,0.9774162642524662
ck_6d64193681d2a94f,0.027826535491734788
ck_ced6b6dcdc7c201a,0.0021346725220832844
ck_d1b0699d26282871,0.015915628487519144
ck_58f757e40a9b8877,0.029938150149338934
ck_3272c2c4a37d5220,0.5701196337843409
ck_d94dfde9e03c9d1a,0.011823462762765604
ck_08a6d4903a7fbaca,0.004768855943110049
ck_6c72a36b05fa0f4c,0.018819713649485648
ck_dbb4bd4eda97255d,0.013436119979395533
ck_94b59bbc824b307a,0.0007683318022125966
ck_0229a07185f15469,0.0053949781461499185
ck_11bf1039f8b3025b,0.004404917149802621
ck_36789ca11459131e,0.01779293961179166
ck_8572c5f5c1447c62,0.00820660438502256
ck_9e75c6641939f4fc,0.0318748415692296
ck_b45e47c39d4dc7bf,0.007875104950557056
ck_02903c48b6cfd65d,0.0025921048752849387
ck_b153386f1729de81,0.0021610795014373784
ck_36979996f33498f7,0.42865588153142176
ck_3c02d4dbbf6716b6,0.007942079803793694
ck_66c9a19963957531,0.1370929090053375
ck_bae8dae7cfd8baba,0.0005769055482711465
ck_bba0ccc6cd968680,0.00794383130540419
ck_3267fe3aac05c71e,0.00497110336747173
ck_40052cac10562cde,0.006056313452071559
ck_d973444855403e2a,0.007955254415037706
ck_012519bb095ad36b,0.9912278572627731
ck_ad7c256ea10c4a00,0.07587639477385258
ck_70a60e095e9b706f,0.0029214864548672698
ck_f2734417c0db4ee3,0.0005204866962313773
ck_9cb89cc3178e0172,0.016093119962729198
ck_779cc0f2de4d5488,0.07365989725240757
ck_35f8656bf93e3b3d,0.008909442668655655
ck_bdd8eba728800e29,0.01230950925367771
ck_002cf760d173f0f8,0.017446708634145634
ck_b046067c6ca3831e,0.003631906618876342
ck_a4a42d4bff8af645,0.0022861095643443865
ck_bce253d2396681a1,0.003888849701423789
ck_00dafc060c8de32a,0.01367391183786743
ck_968a99e097ee78c9,0.04892591433859172
ck_66949171b387bb93,0.009262585122681558
ck_ad305286702b1958,0.0007526380701213623
ck_4732da7e0d2dfc7c,0.006270822010386419
ck_17a95bba77217d85,0.05655967286224302
ck_3e2516a3e35067e0,0.0024292931376494282
ck_0b615ed566da1f58,0.014547796323763115
ck_d2b3ce1ebabe9f93,0.005467022182378665
ck_a892252e4e0c2828,0.0023204778804758056
ck_cf606fd6ebfdf9bc,0.002661787634733355
ck_718865237134ebe8,0.007029453297244743
ck_878522cb775b904c,0.0258561495436395
ck_9ed53de6ef779ae0,0.000778927126989452
ck_3f16e2cd7e6874cc,0.017784098541256448
ck_3c59df37895ead2d,0.0015028612186185112
ck_6821459b626d492c,0.002094410272039546
ck_11c7667920541587,0.002591827464291792
ck_23a016cf6b98d89c,0.10241952699573938
ck_7137eeb394d200f1,0.0208710655904779
ck_9c4886c5c90ddbdc,0.0011991823050958484
ck_1422a7bf7756294d,0.9676599769761502
ck_7ebc5fa7f0d3b8f2,0.020949110020425814
ck_fcc2059a8d5c41fa,0.030132609757613022
ck_00ff7389d6a83e29,0.012147699864294485
ck_03129b41457795d2,0.003636982002928475
ck_38ba64efa7c38250,0.012509142949630594
ck_57a6b56b09bff24e,0.007399883951265782
ck_e3b3c5a80a567418,0.001758616292830468
ck_fc40a16adfced018,0.0036801416170927368
ck_9d4b5e6b43bad4d8,0.006904340805131542
ck_61129937ee466b49,0.01416375194825934
ck_74112e47b8629c2a,0.04612675116278871
ck_b4703ee97f94d7fb,0.000957450937123928
ck_e560f720a988d8a2,0.8388130577602786
ck_708fea345f68037e,0.0013060913141778982
ck_25394c1b83e0b803,0.016251289314095287
ck_17ab24fe914ae44b,0.0014029424748361625
ck_16c501470d9bb006,0.004577326091440006
ck_628f449e248c19b7,0.05914560739007676
ck_6d64190623dea714,0.0016346150374852487
ck_504a45ee08db72b6,0.00190312862629726
ck_6cbb011e0c70bc7c,0.0028382056504435904
ck_b3225a98acd04f83,0.0011742854193871168
ck_aa37993f1c17cd1e,0.017874172436331444
ck_558cfe5f77a55a9d,0.0036773253582730167
ck_0d0a1a021efea5b6,0.015440804453024514
ck_daf7aea023b7a8f6,0.011312504523937592
ck_d75f25184ece2b51,0.0016991907646589598
ck_466d4b5366c50b98,0.0034516653841302437
ck_88f27ab479063852,0.01659684539250078
ck_66779098e78c1760,0.0006716149331640291
ck_b150fe4efb449b05,0.0011722523639429636
ck_9c3aa9f23d01fa1c,0.0019375949216016795
ck_6a01c375fc26705a,0.000704920516902227
ck_002eb6552b504ea1,0.00627450014662629
ck_affa5aa0bff9bb0c,0.004909165907703607
ck_027614eeba8b1a4b,0.012668955129819687
ck_67e075c982add719,0.003679097136576108
ck_399b0d510be98bd2,0.011529416476592173
ck_e9b0bca7368555ef,0.003288663116111665
ck_59c29d9c57b4f994,0.005188386277661283
ck_37176850ed68831e,0.0035116021596811675
ck_a0db4ccca08030c3,0.7156970920141008
ck_aa188e5c25f7f42a,0.0061226908613125535
ck_7de6997178207800,0.0007787187757810166
ck_c729d19053387be9,0.012986250749766124
ck_f2d3e3d90608596d,0.4391730755326403
ck_2db3fb565e0211ee,0.001271961249160428
ck_bed8a480e27e911e,0.011771865981399494
ck_d7ad9921a4d25926,0.0037066131615815915
ck_2a59f23fc5194699,0.02443057180406665
ck_63601a58a6120d8a,0.008328719982918852
ck_efd7b9e22c6317d6,0.01211495834881465
ck_9ab42875a0f95b43,0.021762057421785445
ck_85cb5033fca7c846,0.03488037241237809
ck_5249b223000915ec,0.01942374370892489
ck_3efb0e9bf25612c7,0.003350609547499327
ck_678e74532ac19700,0.004472840621154184
ck_a980b296c95153f9,0.004418687772209802
ck_01ac687ce0d696a7,0.04158897035465163
ck_52e1418cf1aa9871,0.005869323504526891
ck_7d28da4f1dab09ee,0.26658468976233385
ck_010d0c2e6c1657fd,0.0785318241064146
ck_b524f7a2e752b9d0,0.003903829152352369
ck_cc447fcc24a0772b,0.6536137671399332
ck_2cb3c99845e572da,0.0010245159769123467
ck_604c710141327a81,0.0009414154915428661
ck_8d5fa65717d2e0c6,0.007396577655485495
ck_31199510b40602a1,0.002405562535019906
ck_49e253ea12f4e922,0.0053891185378673835
ck_780738e0d71e7e43,0.0017861947149240124
ck_2cd21137a07fdd7d,0.0037377218509123677
ck_5e021f2a3b66e256,0.018438795596981063
ck_efbc79246e32c66a,0.08020492808778493
ck_9951bd806c13c7fd,0.037775335704466076
ck_7a52674e2806d8f5,0.012249921999395903
ck_1a319e509f1efa1a,0.0013266516402230955
ck_c920901b9a4ba993,0.8664848877501381
ck_b71279e807d0b3a7,0.0071918163676300785
ck_47e1032f490bb018,0.003653889929266761
ck_192579ecdca7ff83,0.007430543001208339
ck_b1496c474c4a3239,0.0011541603494420226
ck_5e68ea2c5e893cf0,0.009084662251518787
ck_f2ecab85d4693b4e,0.008683062094197539
ck_89d7bfc81c3df597,0.010584800489527644
ck_7929284327667791,0.1562060659011446
ck_494ec63c5ce8e150,0.0059917296905469845
ck_319b059bb2145586,0.03970560397979108
ck_ccb3767c239018c1,0.0018086457586566768
ck_a1c7adfe26e09a8c,0.008063874925742582
ck_0e13c4f73818149b,0.010144137702577
ck_c285a51ed6214f52,0.0027463563501135403
ck_916784595f028226,0.044962485020442575
ck_6cd8e0196365c474,0.0037564160959256735
ck_57b657aba4daffde,0.13050594203246285
ck_562c76a3753fc7da,0.19040113010309886
ck_66cfc1ebc9a513c8,0.0011067085054849944
ck_0f38d4aed68d7d24,0.033132819478327656
ck_d8ddf5e99f7859e4,0.005367678458546342
ck_41bc3efa0fca700e,0.04672623528775468
ck_40799e129fcf42c5,0.12869453898428404
ck_786f079389126e44,0.012393998052033613
ck_bb4c6b713eb0b978,0.02856856369332092
ck_4f01f7eac0efaba5,0.002158422431542754
ck_47d29c01b20cf69f,0.003365079498462288
ck_bf15a1f8d67a30d3,0.005904478681040627
ck_bfecad7586f65e4d,0.00679588964379064
ck_fc9f16df35190eb4,0.0545898987966149
ck_c09c914e416edd08,0.0019890089078230077
ck_c54c5d8e4433b0f2,0.0019374781608261944
ck_1694c28f44480e98,0.004887887471227513
ck_1dcaa3078dbb7571,0.000835462390454466
ck_af559f990c640e41,0.00248366391604042
ck_9b436162039a77d0,0.038595974889199705
ck_79d62ef181bd0cd8,0.006399269309553639
ck_23caafc2cd34242c,0.007071336280542196
ck_ffe2aa26f597e552,0.003378010354782868
ck_e6ffd0754ac08661,0.0008434465964849978
ck_beaacb4a783db21f,0.0020974482445783238
ck_9863bff41d24ce9b,0.002858385249478459
ck_323b9cc5c49f8ea0,0.8645163431851758
ck_ab3de3d3e41c2082,0.00289111972848548
ck_35c93b2924900376,0.000970739303175036
ck_5a9d5f9901e37e31,0.015575855165726132
ck_782b0be796164335,0.003952111970548116
ck_11960b5f1c7a5e2c,0.006349091586143196
ck_9a66cb13a9884cc2,0.005594406887522571
ck_ba666a425930615a,0.0010691655656628442
ck_40140bef4db73741,0.007406493853236053
ck_e05e91cc180063d4,0.035524230752468425
ck_c7f6f45710bc050f,0.0021047116440820962
ck_055fb9f2e1c8c934,0.016074649391538312
ck_58bb02d98e2b9cd5,0.04541279341455494
ck_d9f8efa6a7800f76,0.0021904586008366787
ck_69691226c68fd50b,0.1239519986971406
ck_6f2f0396e5b1c538,0.9815658140383441
ck_78bc3f1d0f35ea6c,0.008714457914117535
ck_2d5a6b6636a2596b,0.002017530480519502
ck_7878545739af0a73,0.001042887707587878
ck_03c4fa4f3ed3512e,0.004457982512675776
ck_1a9e51d092d62c84,0.8286762579126993
ck_9f3861940d8d873c,0.008526212327082203
ck_4684fdd61c6a0fac,0.009167457121143308
ck_715966f86d5c913d,0.002767305062353391
ck_77f293d44b4a3d2e,0.007420402974181407
ck_24dae044dc05f849,0.012668500922306026
ck_00b9818e2064405e,0.02486260539748138
ck_c1c2cb49c3c1b0f5,0.09874891991595128
ck_bed50fc64fbbf8ec,0.004495101271011649
ck_4f6ed5ea5ab7c429,0.0018804670933347829
ck_458531c22ec2f9b3,0.009107504828759331
ck_51c50c4c443df31a,0.399890336546144
ck_732d45bd578dc39d,0.004210656279843154
ck_783fe5bc20cd02db,0.06243957448592256
ck_7f188aaa63d1d442,0.002187509516742657
ck_ef307a6aee38d1fe,0.7816116867331774
ck_e37196b20968b73c,0.01665313884797474
ck_4ef9de711c3d93b1,0.00921127601943939
ck_17946516d5df71d7,0.019766018886529985
ck_3534be0f4efd313c,0.0932461920660884
ck_29fbabf855cabdff,0.002028512283447495
ck_191673540d8486af,0.01471206894673378
ck_5f52728d777ff2c5,0.009097417267152037
ck_a045a19369016818,0.9957482603995228
ck_4eadbe7298b15e96,0.012994197983565714
ck_a3a0bd59729fe619,0.001980515840632287
ck_a1e77090b1c6ccf4,0.011090277427363546
ck_69ab9d4784eb77bd,0.007874088432356529
ck_baa47383ffd50f04,0.0020012940379541687
ck_e35b2ed08b9e55a7,0.003404251794343433
ck_b6e3af0a5119d9a0,0.01671604375242479
ck_a7c1dabf3869772f,0.0895884984868494
ck_80b8fca67a14e0be,0.48649496779011125
ck_dd9c5f0c42878e67,0.002480344007502873
ck_41ef7967faf5ce82,0.0007427320353841534
ck_a93560aa348d6225,0.022112051477239693
ck_ffe91d6f0bd93fc6,0.02061798806331782
ck_fbf630c960194033,0.004125229930692079
ck_497ed60723283c0b,0.013480135422716685
ck_2a46b7ca55239413,0.019440273856284617
ck_1a4e5ace078dd782,0.004502533022427047
ck_616cc31910f5de50,0.004077509336341068
ck_0d65bc749eb42710,0.019474124091774233
ck_2408db62e4395ccd,0.00676710920988733
ck_5d7721930106dce8,0.016053769904250115
ck_e8a6acea22b20312,0.08505774905399918
ck_e2f792fae128b18e,0.03334101600304264
ck_e6d3ce445b86003f,0.0008312896277029259
ck_263334d722ecbc97,0.6806110563987311
ck_8c5b29f6666d4874,0.03731138180897757
ck_7ea0bf310fc20c7b,0.9099302000541764
ck_54d463f7fd89ec3d,0.018427311792321436
ck_79e45040dbdd6447,0.014171297786695954
ck_60b4d59953505682,0.9199177190426919
ck_fb00dd5021642507,0.02848538552446015
ck_f409ff994a210601,0.007628180667421944
ck_2ca0020038bfec58,0.09308336462702257
ck_adf84b9df54c3d80,0.014571395635241912
ck_942dbf632591b65d,0.03514729773711231
ck_454a7e4d859a3409,0.0011552793008736619
ck_2139062d4569aa07,0.0021840292702316817
ck_e949a0f4df0b3902,0.6338494505808407
ck_bb113e3e6716ed65,0.013993093248833749
ck_6a28ea6ce69cb869,0.07911019739827005
ck_7df9910af2bba21b,0.0028828001514624784
ck_78aa4b731cbfe251,0.0339668048630546
ck_5839f5cbd8165b1e,0.006362514885601976
ck_7158ad9e58769ffa,0.03316797732347635
ck_acee218cbe61df69,0.021948883519183865
ck_f8dc8473c2772729,0.059287913435657535
ck_f34c93a8173555b1,0.11671799816143695
ck_7cf301d075e4e709,0.005728533053447815
ck_b87e88ee5512ea17,0.00204636838656198
ck_bed0c020b10afa3b,0.020388560145008765
ck_ca10102961f99eb4,0.0011733891357050901
ck_393287947b5c8d79,0.006523217459803968
ck_2fe6cac002142f67,0.041726687876775304
ck_79c7f0d29b1db1cd,0.009065352207001932
ck_c735b643d3cbf67b,0.004773202307981002
ck_ea4332c8fe48e2a3,0.0034131772205121423
ck_d39864119cdd460f,0.004109274433460609
ck_3b963d6be2773861,0.0033626152570259233
ck_df39e3b8a9fd0bfd,0.47205320990462596
ck_6236a461dc0d11a3,0.002646166785344249
ck_475ebccca25e30d1,0.003998889488090433
ck_c10c8bcf5bcd516e,0.07443987978963176
ck_49ccc3716a564256,0.002592303075426402
ck_4e4f99102f6938cf,0.0020624705981182106
ck_a97b481ade6f7972,0.086131336635042
ck_3fa559c679751b3a,0.0077953970330128354
ck_3eba1fd2c7acc4c0,0.3900416028159419
ck_18c179b4afc4fccc,0.006796329009802246
ck_cc1c0b93d05b7d20,0.017103575509184267
ck_742f7c28ddd019e8,0.023739944303117398
ck_04470bc93b8a0d71,0.00543902315136872
ck_6e8f8ef7a03cc6bf,0.012091954793655796
ck_eb1ddfc353b4da83,0.0013372982224408568
ck_98831b57c7ca2e4f,0.004020569533230046
ck_a6c7b8d6e8596d4f,0.02345493236627965
ck_cd7d24e3b095e96e,0.04001886247758045
ck_3f5ae4673a9f858e,0.004712541847556155
ck_05f375fc8ae0afb0,0.0031366688986162712
ck_1fc98436281ee39e,0.0008133846846805845
ck_6c48c58678f64bae,0.001384062479687981
ck_8c95aeec6a4c75b0,0.00041954399991453266
ck_364cde38958b7af3,0.16784034879080803
ck_85bf21aa1a00452f,0.002020628547781164
ck_796d3eaabc667c23,0.989174233924172
ck_ac449ee0c315edde,0.0020373408796775217
ck_6f9fd15ac6b163de,0.000705640012666948
ck_4087065be2a45ad7,0.15473359008880985
ck_ecf006bbc78ee3eb,0.4750106285608622
ck_8ca808cc5a49cb5c,0.0032684672230150758
ck_94b90ab8b2dfb50f,0.019377467224962676
ck_59fd11b3232de9dc,0.8713764452000762
ck_67f3794d93e2dd67,0.21249452525797013
ck_b7f5acf5df1bb13e,0.004857900076747463
ck_fb04ecbaebb774bd,0.0030312903221610477
ck_68ef3e7301c621b7,0.004117678304567278
ck_41406cfa209b6bda,0.0043467965120036044
ck_b0f8f5408662337b,0.0018636800690263401
ck_0d2901bfe585c391,0.18766559554753168
ck_3398551e81dbf3db,0.014585076210914164
ck_61c3e3e277629646,0.005228046459424821
ck_2825e34dd3e7ea2a,0.0028305164634178127
ck_20d7571ba830009d,0.0024569579582716192
ck_c98b16f9a72a6568,0.0004059881083073225
ck_e7c8a9e4641eb9ed,0.0014351711991133225
ck_254a7c97c36dab8d,0.008864156296667685
ck_e98429675b46272b,0.0006291376785951521
ck_c2fc0ac460786d02,0.022395586287094028
ck_fba15647b3a140d9,0.005944938408461919
ck_15ce50f2704227be,0.009648484410451718
ck_8c748aaa4a4554f9,0.007675900926452886
ck_e00e82a9419ff086,0.006030917722216174
ck_832341c98254bd84,0.005665579120252978
ck_27466468d06db4eb,0.016947133381101816
ck_9d7b9e3ff1f3e71e,0.0024650610500038797
ck_42c6973d3a6fe983,0.0008584082576772199
ck_877c85bad118bc62,0.007994294800820641
ck_75d2a2715259c4d7,0.014657360962591025
ck_37d3e5c681a2214d,0.20917366276893806
ck_bf285dd49f372de4,0.01931136504061713
ck_a5bdd026fa9c50fd,0.010250993369251431
ck_88d9244a9cf7a77e,0.6786970249216044
ck_5881b174e49b04ee,0.0018348294876168205
ck_5b16d67c5ea89930,0.004840787188676028
ck_b75b936aafac56b9,0.005012208893687441
ck_aed2681e1646a0df,0.030441575366061385
ck_f63cb5e8cc702bad,0.003480477586459696
ck_1805fcfc4a9e4ffa,0.8256509697125965
ck_25c355da356c730d,0.006921796524883138
ck_70396398e4a96449,0.00475345698411598
ck_0f743bd13373748e,0.030441749518576096
ck_4b387765f0e916cd,0.0007203081068198703
ck_e971faae8a10a260,0.0013172791001541066
ck_9eb08369e983abfa,0.0005859939212460846
ck_c30c5844512e429f,0.042746085794385665
ck_59e77e3a81f1fa0d,0.01228639951330251
ck_ca4465f2b5c1a52e,0.994055064803961
ck_c89b9ca398402f1e,0.0031386157407795106
ck_36e72ef9273e7a95,0.004537610632621948
ck_2bdd8616870e5e1c,0.0022130151490789116
ck_216e87a41de22b5d,0.08062415743692555
ck_60f4fb44f5efe3a0,0.0017758995345835249
ck_05652e8ace6ce6cb,0.001810746831233203
ck_8c136dc691e65695,0.0007079990886206172
ck_a08f8dfadbdca112,0.004729055186486718
ck_bda4041a3e90d860,0.0037017535083279885
ck_15dd3ecaa8ce0245,0.9025921343725413
ck_3e3c64b3b7876ce6,0.009287793739137327
ck_46225858a38b2e57,0.0016029938181240256
ck_0cb9f54928f4feee,0.00606798583615494
ck_152671fbf8a9a78e,0.0332228597732854
ck_ee7a515e87d17d4e,0.006244113394015306
ck_f7276091bf513d22,0.01243496199939282
ck_4f05daf1cf0d5755,0.0026254696802936227
ck_83a69c4a5d55ef19,0.037188393456983854
ck_c50fed2a7c9198c0,0.007733327856458796
ck_70d19d5650ddc8f5,0.01823004528836774
ck_4b4d99e443618904,0.00943662533171164
ck_dca0b6ca93311ca2,0.00920251451351094
ck_b7431d4706461ec6,0.006410894239956058
ck_7b59d22cadef3b05,0.043889182475610924
ck_53428573abcd606f,0.010217011913103199
ck_f538ab6aecf2adfd,0.0009688373129864959
ck_d321249fb065d2fa,0.020418440841512335
ck_72fdfc7e6d8e1436,0.0007754566102857116
ck_b52b99dad89ecdfb,0.011725100496043831
ck_d2d4282f9d256b3e,0.003662200021207223
ck_c8f2a1dd8a6141a4,0.0010356057852254274
ck_8d38747058d0aeea,0.6151050197519884
ck_3ac528caac74f563,0.006138483201623105
ck_8dbaaa00ad829ca9,0.00986811142340797
ck_7c38ec898f0fc21d,0.0019337694367518629
ck_8171ef803f5ff604,0.020353064102719393
ck_01a750db6fc1168a,0.06545579489100489
ck_ceb017baa26e98c8,0.016246802694342026
ck_e2c66c72cc0b0f78,0.14605549567355458
ck_8d9518f64b222416,0.0036342145247374056
ck_804c5a1fa5753617,0.0027270832900924387
ck_fca7cc9c42695453,0.0023279334683314985
ck_3a632cdf2c19051b,0.0030478671061614044
ck_b2b63ea65edf1dde,0.00938656427764009
ck_27b07021500ee841,0.0036132859447771753
ck_9724718fe64c6557,0.9859051961605214
ck_2786cbc3e75ec034,0.21129356595051269
ck_d9c2622cb6df380b,0.009394951334822849
ck_ae1da8ee98e402a4,0.005531053250280674
ck_62967b91504149f9,0.003221951968997752
ck_6b255bf68709109a,0.0021931475872815974
ck_c55afc68421d85e2,0.003646899613698161
ck_7c7266f6ef2a8466,0.007815047844067727
ck_885cf685a9541190,0.9408776328839664
ck_1a4bb7d3d2ee3227,0.009209798462339798
ck_b4911c42f3bff740,0.002210226269112628
ck_66f9f78d4c6a3edb,0.0135159580998598
ck_49bdba9ee1899dfe,0.0049222143377211204
ck_79b235d51718435d,0.019866371784949207
ck_d840db8cfe2ef6f1,0.0007961191094390122
ck_610c7bcc1cd7ecb0,0.0063920167822685585
ck_cf49b6544aff6c50,0.24339920048119615
ck_de05f97c3d40dd1b,0.033461506513986626
ck_0302f67d75973dce,0.004332714516147208
ck_54c2604c9ca6256b,0.01882794440067311
ck_a1c88c0568f142d0,0.3531115281228564
ck_5d72ff6cc2963d1a,0.0009264415779955609
ck_0446920a1004c596,0.0013543303343967457
ck_71044c29ef071570,0.002945173719705238
ck_2122e9bb1afffef7,0.003345435008291241
ck_d1e3de178601d3c2,0.005647642620385996
ck_bec8324a3587ef04,0.0006111853633810994
ck_b616b6f45225f319,0.11464153862567261
ck_ce1e695884511479,0.05197325660002393
ck_a662b4bf900781e4,0.0004558520084981882
ck_b5a84c5547378c10,0.0018142204363848437
ck_f80af368cfc6cb7e,0.010252319126078564
ck_da3526ab6c5c884a,0.003239364217219244
ck_bd20be9a3392d79b,0.005997069805871447
ck_b8266dcd90cbfa62,0.0005535519759063671
ck_ac84b33304362c06,0.011356473077932848
ck_794d8935a895e33f,0.02202008026752464
ck_8fea7d915259f1be,0.0024625984304103518
ck_7a1519ad5ff45312,0.0007862621946678635
ck_9bf3ce30b65f75c7,0.04121326057750278
ck_5f864d72d1eead99,0.05519616482439035
ck_3c48e0cfc2a58041,0.06239588765003682
ck_d902183f80cc81fa,0.03617862160034891
ck_539cb0d117db8cd3,0.17265883249317687
ck_28f530aec8e77130,0.06177172770524046
ck_e7d903c50d353361,0.018566789009935157
ck_d288b77d1e227970,0.019430926857081678
ck_017208fcc01b5d40,0.0024872310470820504
ck_7e3923d278a5106e,0.009788577390173655
ck_9700a00ff9e66216,0.014046057173591097
ck_5c36c78b7a4d138c,0.011772009081645789
ck_c457e9c9224b773d,0.0164411938630906
ck_1dfa91405d7e66bc,0.0008800259176049121
ck_f1d8a2695a575e56,0.005204948399373104
ck_3b92a46daf8d00d2,0.005040130211695064
ck_aab23b5470469649,0.0034749736117064035
ck_ecdd01a391610d99,0.005787053419265139
ck_abd3aa292f8edb4d,0.045838914273158046
ck_7fc9a0776e1339e3,0.001346696176953171
ck_c0389ebeb0e65cb8,0.002783754255333461
ck_48d0fc4f6a2109fa,0.9896659802789959
ck_571dee4f3336c7ce,0.018168793558435332
ck_4cedf26628c84f26,0.011175945643172529
ck_63356762d24aab81,0.008362050544036026
ck_2c5bc11bb7ae5d2c,0.8998938159990649
ck_6d26a152f900fee8,0.0036861721403803533
ck_c972b0e781efed3b,0.0006140503895901842
ck_fa0ecbcf9a33d6ce,0.0015699700713994336
ck_fa3a766e49dc77ae,0.005262895283818361
ck_7baf1e55db0dc558,0.008445942109394571
ck_e8bc49e6494c1f37,0.0018505160827003968
ck_8ef1d05cc1e53e7e,0.047048279274776825
ck_cef2a485a77e0723,0.0034730006472581502
ck_228a583f23abff48,0.007259507991445304
ck_ac32c6e374782b27,0.024644651980771853
ck_b9485218cef413f0,0.0027789647412139852
ck_7f15503048915d6f,0.004045692402261646
ck_b62f5144db15ad34,0.10656339976011489
ck_917d82c552f95a23,0.01533476039416794
ck_fb4797045077bc6d,0.002259478445179815
ck_2cf8a44e041217de,0.010364276923664048
ck_b7dd681eb3d2ee38,0.0016427810436861559
ck_e9e8cacd2fa35e79,0.02425455974667046
ck_342a79f91de5d1fa,0.012255721484653644
ck_2c91f62c05685ed7,0.0012640621765185192
ck_e30cb64302939f38,0.011403498620973587
ck_d0e95b90ba86da10,0.0022304022689460345
ck_1774faf414a5d49d,0.9633033928985197
ck_2401e8ff89e574fd,0.7476196096323124
ck_0cd8802264e0a1ef,0.010556155818848303
ck_da84a0dfe947fd3c,0.0035264269927308494
ck_c8affb27ba7fb5db,0.02932828164028971
ck_bc7ece8787ca7200,0.0028007755800283454
ck_469a0578d05990c2,0.0005388069679483794
ck_eef67f8dea702338,0.01565009056121537
ck_4f490e379e9ded9a,0.0011598710628137484
ck_354379de065a8ff8,0.0038627612955375013
ck_5db1cb368bc41ac3,0.00561610652732483
ck_9b1c3742dd6fcb8b,0.021140482961508007
ck_63ce4f44c92d7143,0.0765473282670893
ck_e15e3390f5ed45f3,0.003675010740480282
ck_da645ea91d66aa6f,0.21868236301716432
ck_834ca727df855f07,0.07760235320063658
ck_e1d5ad20c737c745,0.013356836524812052
ck_ff8059ae5fa5f1ee,0.0005526580137739173
ck_8bb9e75393954a1f,0.001985927543619565
ck_4e1757d1347ab387,0.994650250811205
ck_af3f74b1d75a5d95,0.008953489877175936
ck_6b1ab0742ff04c3e,0.05072535280587661
ck_f56073911c9f1ab7,0.0013260355573451094
ck_51bd5f69b4fe0b92,0.8524989872264743
ck_fc3d95030b81f416,0.00041213290834014074
ck_cf78169633a1600f,0.0007028741544249775
ck_ad7269eaa65c67f9,0.0028586408508486775
ck_cc6d33890d47a6cf,0.029118125929034074
ck_bc8f31f4a2ffa1ae,0.0007747241640950742
ck_720776a46e56dfa8,0.004431846624043656
ck_e2d1f212f259539b,0.005275532071342097
ck_eaf6f7082c3db2bf,0.02915346218904159
ck_773efe58c6278c3c,0.011273102776292173
ck_c4a72c09f2fdacc4,0.009479541896246457
ck_8982888dd6611143,0.0010516298130233762
ck_9d5049e195eda029,0.007192440440786438
ck_de58ef6f9fe2b546,0.007015395088351803
ck_c0b50c11e4f5adf7,0.01317410467147849
ck_ddaf228487858bb8,0.07983994879991323
ck_eb2323215ff70362,0.01732625853200715
ck_168c96a1a636ea15,0.005310857181642721
ck_9c46711b14d9eebc,0.0008192494330260577
ck_de8af660806b97b5,0.0005956514921039697
ck_6ab83f45bf16eaa6,0.003036436340131464
ck_bf2228a052815840,0.0033569672199986354
ck_3f943f20a9da9bff,0.010897624926451181
ck_3baae40454c00938,0.010138221502801009
ck_bc2e771a1d8d2dee,0.02472876878307721
ck_e55f5ca37f30ce8c,0.006457458844855055
ck_4ad5937bef176d89,0.003919805899539484
ck_126531a9126c17c4,0.0009859760390364268
ck_7ec423cb56257516,0.008726746397214663
ck_54748ae0f2daaf10,0.019858528798855468
ck_ff24776280ceeeed,0.004300866425760176
ck_3c3a1a1365741bba,0.0035496692812526064
ck_615277c8a4e2b18b,0.004396942137406617
ck_a96aaef34173aee6,0.31520000825059236
ck_bea56db7f3e930e8,0.0017251082325655431
ck_ca491debd3b32a59,0.014417281237507667
ck_d9ea77f4114a389c,0.0027512378882036336
ck_322ffda3332d08a2,0.017251575503867047
ck_c40ffefe4e30b001,0.030312944357312282
ck_3b1d7648d4580bef,0.0011436717620168986
ck_23981a3261674131,0.006453369773433873
ck_11667f5b9fac7bc7,0.0004871832425130806
ck_646bb3c7be5f0817,0.022164327707449204
ck_ebd0a45712dcf07a,0.008175696687199165
ck_baf43bf1bd963f9f,0.009040088376663886
ck_e0ca2c819658f6b6,0.9821408058760902
ck_f0d6633d0834fff5,0.017056347069226395
ck_91081be0254878a5,0.004471305601197037
ck_1325000bc7f35b5e,0.0014969837881800307
ck_c624b9063400fa3a,0.07497272432048235
ck_0ad6fa0e23c3bd0a,0.08953115591786891
ck_6ddb55b1f23c6cb1,0.005653563034068644
ck_dce1fb3acd65562f,0.004277220602831042
ck_a9aa389688ee5aea,0.006009110457955058
ck_5c5284c45d9ad8bf,0.021466307489521216
ck_9ce743dd3e92549c,0.019116661755933014
ck_8342e08cc2f9bcb7,0.001362409930217178
ck_25e551a0a8d2fcc2,0.010871650282663604
ck_d4fd0e438c97e0c7,0.023982083866119885
ck_ac7fe1c344190c50,0.012088109462625072
ck_ddd65711b5651f89,0.0010137092184325138
ck_ec7406cb5cbc8f10,0.0017823977879053298
ck_1c65e8d5be3b9c60,0.11110520957751432
ck_38ee42f15a573e81,0.026372495142719506
ck_0e5385c70c6de025,0.001987807209899109
ck_d3137f0f7629040b,0.0018555500175887686
ck_9129c92c12e0c8b4,0.0017225383410194514
ck_c86520a00e50a926,0.005859338801442043
ck_87f82b2b5fee757a,0.008225992228423339
ck_643abfbd7548d0c9,0.01460712662718291
ck_be51f4e5e6b85768,0.045824308524540454
ck_132c16312f37810f,0.0015938521683425458
ck_c78c096ca8cb33ac,0.010227326043547123
ck_2ce5afbc014763b8,0.02231705536275081
ck_50ed8f4e7ae6710f,0.001959865418009978
ck_5a4eb535c9a11993,0.0053559090967092065
ck_9b665ef46d785324,0.0037003412748753068
ck_e066f71f8b296b7a,0.0015685637420998389
ck_560bc6017870ab06,0.001482524345571521
ck_fd78f8a8663646d7,0.002289253313734905
ck_4af5ec61ddbde1a4,0.009079218244274767
ck_c2ed04a9d218410b,0.003034300594559713
ck_2455d43bbdd2bb69,0.0029585090673220128
ck_56eed7041add49a1,0.1266683144453738
ck_5f0be7b468a72333,0.0011044263333443547
ck_19660cec756632ca,0.006925921865048179
ck_fb90408f4892a21f,0.011007455273691416
ck_833a65b86a5d9bda,0.0010203756778547452
ck_2ac36e1dff211d38,0.009287474615492855
ck_c00e70606904539a,0.002056739914306822
ck_ba8affe4b9505a95,0.8342986907200473
ck_0c3dd22587b08018,0.02689657548930523
ck_618c4e5cfae99dcd,0.04594266303587465
ck_c9690baddfc4177e,0.002099741419118433
ck_59fae092fb0c4aa3,0.007616041415590665
ck_e03b7d0fa0b28f4b,0.00256173634637399
ck_d451d24c780b5884,0.0034182593164468603
ck_e980d325b8dbb8dd,0.00029483618980686015
ck_cff18e2d8c520272,0.0009489789635451787
ck_a0e46b67e986ab56,0.008568558566911999
ck_3a469039a5b9d963,0.0023528628317060637
ck_12cbb211ebd2b437,0.035084381297765206
ck_b8cdd6d6dccc4554,0.004285740778765876
ck_794ba5921cef50c9,0.023237747824802146
ck_2c7667f64edec2b5,0.007751669537408223
ck_7262b4e0c29c942d,0.002134274199694333
ck_5d818522cbfe2a54,0.0445456379528192
ck_de39c1947fb675ee,0.02055057889001103
ck_c021495606b4735e,0.0034009389622224723
ck_1fc03ba33edd9e67,0.021844555814513257
ck_a6fe344bbf67f14b,0.008504277173830102
ck_963762210edc5694,0.01662129829447705
ck_d064428b7e7dc409,0.004863932586806703
ck_59be61b53d971611,0.0035819519431297907
ck_ec8738ec663cd2eb,0.016347868805810885
ck_59d086fab5998646,0.003762829866762013
ck_bd32dd3b2cbb7888,0.9958807630078284
ck_ce0166addb93bbad,0.0010440047722156186
ck_7c0fdfbb447cdc04,0.012508526890094926
ck_cb1bd7635968ed8c,0.08552898473489903
ck_66f94903177f20eb,0.00433131797969071
ck_1d7cd5dcbcdafd7b,0.43994084385841425
ck_5e418a7c04437b4a,0.03231769284544247
ck_631ea1ae91ab333e,0.023428137856687827
ck_0a8029e79a5ae7ce,0.026669554087372628
ck_c4cca8278bdad9b9,0.0014460556175647378
ck_4dec3df58077a257,0.1289117160155541
ck_609c249edd88c565,0.006902749276829337
ck_02e5f9cbbbf2f078,0.022227054964515304
ck_32e486859130458f,0.9643233278404519
ck_21ed2ea6386c5a07,0.0007858231328406205
ck_1242aa4496576a99,0.0031138652261233565
ck_475ea9aa6d3898b7,0.012692975123427801
ck_fe1b1adae3be70a6,0.7403358489873182
ck_c5414d7a8031d4f5,0.0028201176514395096
ck_ca1f6f01868e978f,0.02401833644810851
ck_5eff0208c74ec714,0.003185849916399625
ck_a315c9619a317609,0.014403243967486509
ck_2b87683c90acb852,0.011565945589343323
ck_7cd9f39c50748ed0,0.0036258545581887213
ck_16a06d58d71935bc,0.197790708404277
ck_d116e0e7c19b878e,0.9495735588164106
ck_931510e384b1d0cb,0.0025790585215577444
ck_e7651fb87bb24132,0.0030760711584738747
ck_88ef9f85948e1a01,0.0018589278946515007
ck_17bf38d51115a8f3,0.00333793210185999
ck_2659d1d3762a2825,0.005929143922917723
ck_a7285955e2852686,0.009254156368523645
ck_f2c33d5b65b321db,0.023664599091178205
ck_83e5979334345622,0.03990493908671512
ck_629537d8b4d0f395,0.015920929616933067
ck_72022008a92c9386,0.005930451678136649
ck_2973b8274f0bf69b,0.02318273816049734
ck_565e3418d2f4061c,0.005391062704996692
ck_54bb53b8f8ea32ae,0.9825586048440667
ck_af0a6540ea7a36b2,0.0021608313516462583
ck_888651bfc2c8cf70,0.0028961383006275714
ck_1dedcb48ac381a1c,0.41915756581469454
ck_f73273e220296be8,0.004909439814056
ck_8424bf65223a5a9e,0.014670421445672882
ck_337b930fd149a696,0.0029001393553145438
ck_8a4952de8a123ef8,0.0014798656372022687
ck_884168153c9c0c81,0.0004308242241998538
ck_fdda581aec411010,0.0009176216050950944
ck_2b7cadbc8b180d32,0.7945998764203687
ck_8aa8b9968233a1ab,0.004217888978837825
ck_0af18b3ce015d294,0.0017464667225362326
ck_8dde670a735d1e90,0.03286044498791356
ck_62f46226f244139f,0.027469133691407233
ck_f948e8a8fdd79b4e,0.006186339265345212
ck_fa00aa0f3e859904,0.017876198655631358
ck_fc7935f784a4f249,0.00557001661689076
ck_e7501307c0698e5b,0.00414612938754245
ck_549ed417f2834cee,0.024394683281020256
ck_fb2a35571ec719d4,0.14299826678564428
ck_25822068c86c856f,0.0010489354932259644
ck_8f35d229b62c8f23,0.0026152694819990057
ck_bdcf049c1e7d0c95,0.0025847754536404105
ck_0aa9db36eb16422a,0.0010996540360305577
ck_42dcf92e9e016922,0.03817066401058775
ck_42341cf31c08c981,0.005486409006341399
ck_0b20bfc515ba42a2,0.003671229927405291
ck_0ec820b670d48098,0.0021697639732502828
ck_1f0bafec397da8e4,0.009570466579250873
ck_82f07504ab59ed33,0.03296458344004787
ck_337b24a474010abb,0.9915092003113937
ck_703703bda38fdcf8,0.0026306585357044735
ck_01e7960c63dca3a4,0.9267136841175994
ck_be5bd81e3715cb8f,0.94987541277865
ck_197f8058cea1fbea,0.0006191908854972714
ck_eb3fb1106f2f1b21,0.029010390739185765
ck_658b4b54be09a4bc,0.9915325976179716
ck_266ce7ccf41ccc50,0.0023858819151400734
ck_110608c3b03d4038,0.9533088674785286
ck_1be8cb95d6d9bbf8,0.0040842109795560695
ck_8e16a64a776afa82,0.3691808006750007
ck_34bd190d37eda534,0.045343021455628005
ck_4f521611ae14ae66,0.001126166121329142
ck_d839798f9520363e,0.07975254496370048
ck_d1bbfd246c0ac9d5,0.019659518808255484
ck_f19030e6e85a6776,0.0587108478843955
ck_cdabe60ab59f9d5a,0.012329213961152646
ck_bb84b2b30293f566,0.5597256893911601
ck_427b91925952cb40,0.026703447347911684
ck_1078b1e155b5b640,0.002144858150227426
ck_95fdc264eac72fa0,0.0031688510567127945
ck_e35eb857c61548b2,0.9419718355938882
ck_69bd0b1abea7e1f0,0.08332148186752596
ck_59de511b20c842ba,0.044106619702191985
ck_168e7ea341a36b80,0.002426339452546178
ck_4937cfa6526ea138,0.00794992337808913
ck_bb1a981306b750ac,0.09904159127319793
ck_f42a43e4c3f34ccd,0.0009603733928493028
ck_c7ae1d4b3ab38185,0.0025864233341637986
ck_bd23cf9bba1dd33f,0.008093054219587177
ck_0fd826fad7ec7cd6,0.016260992389933657
ck_f143641bf3dd0414,0.01564389915916822
ck_ad6d48c20a3688a7,0.0019383418535481912
ck_7bda5b5b927b2905,0.02764210057289001
ck_a337eb38eefdcc88,0.01885501539713557
ck_403da2a2d800df9f,0.07732124441245816
ck_aa01d5aafde73d0a,0.0016500697543920203
ck_494954023f0eb309,0.015175606003405668
ck_1c6820fc38135ad9,0.011112394973821566
ck_0e0bab173622db9b,0.03288937506443524
ck_547090bf35a3b243,0.004776542283219093
ck_d69455220b21dc9b,0.0017085913777753683
ck_90b4ac695b9c6bf7,0.0031154871219142345
ck_8d2afe17c0082e6a,0.01834979171066877
ck_926b81c0ba528eee,0.005675620328231561
ck_ce36b0c287bd198e,0.10686056491343117
ck_8026e017909aaa6c,0.002489805590719781
ck_dfba788f35d4c372,0.0035578453911462903
ck_f09f9d0e0886e0c6,0.005236488558783979
ck_4ffe0366df388604,0.0028729750697247597
ck_75bb521de55644c7,0.020419831302609624
ck_81a960fddf79ecf1,0.9763391930027184
ck_8f43459991ea511f,0.00290822775614816
ck_f878b68d66fbfd4b,0.0005413635137651253
ck_e84abfc0c747c9dd,0.9783241322740549
ck_3ad3fd3cceb56b66,0.8934817252064267
ck_7cf562578c7f158a,0.0018948436459514562
ck_f81a97d350397306,0.04412505519536915
ck_255d87b7fb40caa5,0.008775166534697752
ck_b3905153b9eee924,0.002628847172439297
ck_2c80a592fb4cd6a3,0.0019615919372502066
ck_57deb202d4188a29,0.00396426762172384
ck_e3cb5f31d8e94448,0.972997433123895
ck_0db62d5f7f75f80f,0.0053632670968719615
ck_ced9163ea85589ea,0.06548866607094582
ck_e16528edc694fb33,0.9597209816531242
ck_78cc5ec4940fec3b,0.002452926587676048
ck_31742076e9a998f8,0.03136426783203753
ck_5ac335f02280271e,0.013643830783139136
ck_7cc2e091806cfa5b,0.014324513923092377
ck_3152c7115257f084,0.0032913176921348813
ck_ab1b9d019921bca7,0.0049439843662169095
ck_c33a762d98f9b290,0.0013502255380140576
ck_b16a7c51b6f7a6b1,0.008517600425276065
ck_97402a153348e68f,0.0023782513214552683
ck_95391029a21caa24,0.06843444512297053
ck_c2015a1200971fe9,0.016933096034400134
ck_ed4427962c68918c,0.975173369958048
ck_c5e4a17d3efb19a4,0.13938999912723846
ck_8aec3d3dd51517c2,0.002051228228320077
ck_f5178a658225d8e4,0.0012023456107396026
ck_8594f165e95316d2,0.0020455008073438593
ck_f0c4aac04076a6dc,0.008955593368769357
ck_ac2f7397801036ef,0.01032554167426202
ck_d1ea4bcc407c7d5e,0.01296839664019995
ck_cce8b6657a538fe0,0.009674009608839646
ck_66d0c6d6b67a8d58,0.002463422561640536
ck_1a6b30320835e57e,0.005812897824953303
ck_8cd274cc85aa35d1,0.011674533294112959
ck_ada46085a78280e4,0.0068845833562086066
ck_ce1b06623e4a815e,0.0031080927530405963
ck_45e70c8a9686580c,0.035677588561382846
ck_0084d8ab6b1044f3,0.0011244699386202246
ck_a5f7b6fed6df2aba,0.07627590576177193
ck_94940d783e7988e6,0.0031560405927817435
ck_00f9ca84d1d8ae7a,0.0026723863331569527
ck_0deb56f3f6452818,0.0014558255855574055
ck_a58e900469dfc3f0,0.003615969448104367
ck_028c41b195280980,0.0036059276920214385
ck_7661d7ceaeb19f97,0.004170833140618956
ck_6957905a65c47879,0.04234569636188447
ck_f7c6c26ef3c4ae06,0.010175277017633806
ck_8777beb11aabd66d,0.004995810370751157
ck_7db098a17374bbf8,0.9526077703337338
ck_66aeb00e44486cda,0.775926053233361
ck_838c52cc1d315ec3,0.0062495104387363136
ck_1745847cd4e5dc83,0.019544130995623837
ck_201687857ec8b3cc,0.005412288870508096
ck_81818169208a8cda,0.00804762138798663
ck_3303fd3f64632c7c,0.017777700723944447
ck_edf1096809e83ef8,0.001650841874370214
ck_235ce9603c7dccbf,0.05362475642408917
ck_9df7e153868bca13,0.0038171355564505577
ck_3cfeade2cf270fee,0.00785536730212696
ck_982b0bf2e2b6c4f7,0.0010127604442676428
ck_faeb0da678bb86c0,0.0057266180583306365
ck_e86ad2fe815b6ed9,0.014953289335204881
ck_70d69e5d1bb99e85,0.024571692470926717
ck_7e9a8924eab779e6,0.9802914154062069
ck_019d5891103e7da3,0.0026826773588516277
ck_14f0484b3817eda5,0.005375499643505166
ck_85de63d278f0fbae,0.0005587592479960136
ck_ae91b4cff57fb3bf,0.005243598442735475
ck_2a6d43b9f883b78e,0.7209946823404165
ck_7a4e3d553e8ab5b7,0.20445424419611716
ck_fdf89dc69f700f84,0.08714543806395968
ck_f92e04024bf13558,0.001309622243220165
ck_4a522ca2dc4831a0,0.00044578723953259385
ck_68ba25dc3385fea1,0.02008377903656402
ck_22128a4f0d033422,0.01144172032092258
ck_5b52ee0a13c71590,0.0037210367646163442
ck_59472d17debedafc,0.016637016495464667
ck_9dde2c63acda3ba3,0.002079269147338203
ck_7510b1023cd08531,0.005392715898790797
ck_071ddaaf2e4e3671,0.003351344805828542
ck_1355db6f4010232a,0.0071506170870694885
ck_0a7adc2f27f98510,0.12117462057586674
ck_68250033717cd59e,0.002222452508567999
ck_7c12de74de30b788,0.49908644526249796
ck_65491367584c730c,0.006752603351271089
ck_e9047964952bee70,0.018819494018049103
ck_5567779d6ba184eb,0.014320929884868688
ck_d6ea026357ec6477,0.0025804464444753776
ck_cd7dcc884e283746,0.019766392906461136
ck_0bd77fea8ed75a15,0.00777957296097323
ck_e80883208e8d0453,0.003160483513036959
ck_2ad0ecbacd5acf8e,0.9599617307194885
ck_6c1dbee7e8fdd5c8,0.0036185170800659985
ck_ee4d9a7449515908,0.0016192060929303572
ck_636111f7f030496c,0.007351929273375309
ck_2c629c657f73941f,0.008037671669260654
ck_c1c9d3842d758420,0.05601606638568287
ck_e4df7faacdfe8c40,0.025685713132377018
ck_94e8142728e44380,0.011134077534965882
ck_765aaf42c5088545,0.009598725347025381
ck_e0f845159b6e6a4a,0.0046339214009131
ck_5bc07deb82edbad7,0.001134890693658401
ck_713159c5c6a7a4d0,0.9966712210171071
ck_b08afc91d9ca55db,0.008046757864823279
ck_a7bc323ffed2ea97,0.09573935094209154
ck_85ca825f905a34a1,0.030374669852520058
ck_33160c443d4b3f19,0.015218103436077438
ck_832d39c590a3ca75,0.7385823426629197
ck_7d1661a34164406e,0.984974722523796
ck_c2466fc40fc9d5ed,0.9896465310315404
ck_ed0e776c0926ce67,0.05790647153928665
ck_cdd2ebeec75bfa69,0.3096617237766597
ck_d7877684c7923ec3,0.003636063885681358
ck_7384d4d2406aabf4,0.006063293914812697
ck_b8e5244e650aa81b,0.01415068689231582
ck_25a1ea40b2d59254,0.00046114915087989213
ck_b9e5b318ee4de68d,0.0020247591946856605
ck_620d7ae27af83cea,0.004266854515335992
ck_40b4e264d1a12b83,0.9436691803847645
ck_b694c803b62862b3,0.006136011769710625
ck_cbeca201dbade3e5,0.040813182399458636
ck_f9b439c9161c3e52,0.0032591521493844184
ck_9880410fcd10a28e,0.0006593272504456045
ck_74928f5f91aa12b2,0.029617430714661462
ck_b6673bbe61d2680d,0.004350614491388642
ck_53c8315b5c30acb4,0.001741288412269203
ck_78f01d78ea79642f,0.01149753520231726
ck_8582490d6e365a63,0.008246016335498756
ck_af25c72d16299258,0.000372276763752899
ck_7905fe8e257b0449,0.17732544374107567
ck_0d16d9349e4a9e08,0.06497835485007443
ck_31b16b8848584e98,0.010931032404057761
ck_67207e3eecc02d76,0.017640546827659788
ck_e6b95ff91116a592,0.003986158187043361
ck_c08f622bcd6de6e7,0.017865220836857564
ck_f9a68da9e0f0bc85,0.003446246816430236
ck_4072b59388976896,0.003758586121873366
ck_8ec86e853ad52828,0.052455884141890216
ck_4fecb87eaffd5cb5,0.001613634038005437
ck_d6880578428b965e,0.09068011813449363
ck_bfc82b3c1c9f2897,0.6490230362386157
ck_c340644176ca03e7,0.006633192776821553
ck_321e740066fb05c3,0.4328845849068409
ck_8929d2eb09872052,0.06818038227276925
ck_205c107cec528414,0.9243501347488813
ck_e76db7d2562f9836,0.014762349966067383
ck_9ede51c8434cff6e,0.0074602267409624775
ck_492e4b89c61b7b6c,0.005018654374120879
ck_9385f5a1eeebefcd,0.023162715108210143
ck_ee52c7bf88f952ab,0.004028195320143299
ck_d8116c34302021d7,0.00119942598452338
ck_01645ea51972e99a,0.03464670743647459
ck_7b45ed23304a854b,0.009424722057458387
ck_2096d32f3d497ea1,0.05063980636345812
ck_dfbb2056f1ef7d3b,0.005280374586407658
ck_938ce30c864bc7df,0.0005158505726520516
ck_ff30dda2c881a4bd,0.48057312784230144
ck_f88c79186a082beb,0.041824449883610955
ck_08c7bb0f9851cb76,0.13134357209281833
ck_2675e7a008e584a7,0.04905034064999499
ck_cbaf8a954281d4e3,0.9494447985235552
ck_8b24eadf6c72b30c,0.35327416822014124
ck_ffc8e3c1377d0706,0.0005873207972537933
ck_5b59e859bed5b40e,0.01466371671544843
ck_7b61717f172f9317,0.8894068115697354
ck_e5c30947b732f661,0.06279732169182309
ck_bc273f3ce79f7e1a,0.0014412242693560497
ck_f69e93388b3028cb,0.044185723447758174
ck_3837ad850996ba60,0.0055549537254680394
ck_36d78ff3bc033ee5,0.005712808074688561
ck_5e20953547ba4135,0.058828457265099464
ck_258d661e450ac870,0.004673088828308613
ck_1df66f537496ca59,0.03735158021409646
ck_361f535599110201,0.005439761902548982
ck_337e98c69f6e7886,0.007553062350488267
ck_d3d5b2717cfc3913,0.05201909765492448
ck_b1dba768dbe7affe,0.025025070747163446
ck_92d782bd9ce0d1e3,0.011661457717045857
ck_26bd0f8898afc8ba,0.0008759227609456569
ck_7916e53daab36745,0.032073317982691765
ck_2caf553b31831a50,0.0049081618000281655
ck_c6200734c7f9b2f9,0.9857745384854647
ck_cdc55623cb16e6a9,0.0011453921126590304
ck_57849e15b61c43b4,0.001073670568820274
ck_b7af9b2ee0eebbc6,0.017258056741766035
ck_00aa5fc3b3bc66aa,0.02829031017194078
ck_9929723f65636c7f,0.9958253511411652
ck_8f6cce9f69912983,0.003610382153826196
ck_c422ba389ff00781,0.0004992109653538352
ck_9ec7f334604a228f,0.004256651246849362
ck_5d01200ba3341462,0.003980368579115616
ck_2bf10be403849c9a,0.003090234737384393
ck_6ca018259f70858f,0.006090701451270178
ck_a54dc042ebb7c766,0.06856153563256415
ck_79da63fc100830b5,0.002225326025267784
ck_67ab6f9e05c85085,0.0065833421169099755
ck_fa80da579ea9afc0,0.00482455502085399
ck_4339f86c87289222,0.7452544300669273
ck_a2299b4f530be0d6,0.07467072568078363
ck_19db0bf788697c2b,0.003923705806779929
ck_fa4211c4d826d830,0.000577512498603037
ck_96100d5e8e051e91,0.00347976224542583
ck_5c3a671883d58b3f,0.00040552236234339635
ck_2d9524787cfe1ab3,0.9030332091623737
ck_47ab8e51e5b3a2d8,0.002189821346590552
ck_c924f36bc1bbbaa3,0.004904196057238157
ck_5c58e7f8fd55e26c,0.0007766298214485313
ck_a07e7409d6d5aa06,0.005227697431202249
ck_c8413898f5f7cb7d,0.014223006240571389
ck_577c816b41cab002,0.9650738653659406
ck_9f7807ed64cdb728,0.021223191951541896
ck_495d814d6d6d521e,0.0013507556884725359
ck_7aa8bc018c2b003b,0.0018208315225446761
ck_7c3a6a82f3c3241d,0.005219234127695902
ck_487f7fbc290e4ae2,0.009814498573732885
ck_e556c4d36aadbe03,0.0017494289949803754
ck_7e6569a1b2455cb0,0.0007563058079300934
ck_de2924955926d046,0.010013555173658751
ck_73d60b4630e3937a,0.001949133454767543
ck_805ee564bd35ef15,0.00525671314570955
ck_0d40961e47797027,0.001609676631291967
ck_f06d00a4f9c87d80,0.0013953537410994578
ck_5ef50fb07b6737d5,0.00561245517473901
ck_16541fc15683e21c,0.0019284251713831766
ck_09fd43f1b7e2eca2,0.0014641654060455766
ck_2a2c336a69b8d68d,0.007158152389366151
ck_2685f38930866af0,0.014237603750116526
ck_298278a9da874437,0.0026517634999480397
ck_00bd7803f2530c68,0.010693379330365049
ck_c2b4a1d8c0b6c1cd,0.03241746743887273
ck_2acb54ca20c3af6c,0.017605820450380588
ck_e3d4b6f681c783ab,0.01889259906398913
ck_f90293f1eba5d7b6,0.032829146761397934
ck_e69d27e8965df0be,0.0015838947682847181
ck_b7f5d10b427346ad,0.003050309085957551
ck_1ce20e4223a936b1,0.0042755967326592054
ck_6b97d1ab90f6bdeb,0.007705772468041554
ck_e30e17db5473c7b2,0.02859290733131654
ck_154c8efb19dee665,0.0017989388228061298
ck_6f5bb0c930644cae,0.9955595042463135
ck_9e17699baa83d173,0.0011207728297028643
ck_9693b1eb70880205,0.0034684965821914528
ck_1e97899875bb427b,0.002298222864720073
ck_558a82590f65df69,0.0006329231226417801
ck_18df83242ff3cdbb,0.5468679562489399
ck_80ad4396e1084c68,0.009000687544793745
ck_0a993bc947bab61f,0.010769744822362003
ck_5c2d43ff841632f9,0.0024024057345949645
ck_6e4b99fb9725d9fa,0.00526413658313996
ck_e0983999ca26c19e,0.05633703850823103
ck_6573c4947cc8607e,0.05551820518712865
ck_d879d645d6e44207,0.0028595323583092093
ck_1375ad9f10688e4a,0.004608634055328632
ck_7501ebbf4e21f160,0.006599334390642091
ck_ca60d61cd4dc3bea,0.0013875760369482673
ck_ab9ea095a5c58b4b,0.006737752121179349
ck_23756522b58df5d8,0.0008288800643403161
ck_90bc176c43d85fd5,0.09097955385156889
ck_908b663b2dda94ad,0.04280139224528765
ck_4df2fb8e4b649e27,0.0022196628853531665
ck_5615c6bbdef05291,0.05413160285602568
ck_b62f3e3185251f71,0.0003059274038258198
ck_38d1a22850178f33,0.0011037034281416388
ck_5b3ba20c8bb1383b,0.0040772184986053615
ck_5576ffc6aaf6f22c,0.002528674299050025
ck_cf7a022178165e56,0.005099634001943376
ck_f2c7a4c50e2ede96,0.014259186898461371
ck_285719c77eadf915,0.0019137507054163053
ck_f2aa1b677619ab19,0.00895397459438939
ck_3830c58d841e9e69,0.37796672494072947
ck_32eba3510c8eac5e,0.0026075514177654495
ck_8955d7b9030d5eb5,0.009048362759528547
ck_6775e387dace7525,0.014378376941041267
ck_0a0cd7f4be606a93,0.01495575360207455
ck_a9f700eee5d638df,0.011023821049329736
ck_3d7db96995745472,0.007990779219842228
ck_aeed557007d52e9c,0.001383734329168154
ck_79b6a86830156b5a,0.016614033316663796
ck_6a1ff9d69466181c,0.9979589812797481
ck_f11b1565f986f5e3,0.015019119188677493
ck_4819327a78615485,0.0012230722218031346
ck_3ed9e081959b2f5c,0.005449069483482177
ck_16af4be191c47d3d,0.004612553430137742
ck_25122cc0e8b1a662,0.0715813518078299
ck_509c22828d467ba3,0.009809589578232273
ck_31109c899336348d,0.004493831612669763
ck_c51131e53baa59c7,0.00175264123957352
ck_cf8ecabbc61d3e11,0.001614853931137489
ck_eb6baff0f85ba936,0.008968256388062434
ck_777669e2243204f2,0.6856198333001104
ck_ac0ea27e692acdc9,0.02342698760216517
ck_4c6ea04ce8ca9e2c,0.0030589776236541375
ck_ca54b32fca7e94cd,0.0029291806893617387
ck_4dfd8947f540eb24,0.0030598332735804284
ck_95aff1fe27fb24bb,0.008090176630333453
ck_c7550723b90e5615,0.0011235472572956652
ck_57b3fee69bdf85e8,0.0012158080256378188
ck_f823407ace7ff064,0.02891820701377104
ck_a69084a068bcc8aa,0.019514535428526214
ck_c7b17f7b24bef5d7,0.0045886245626090075
ck_7c4e588f927c27c8,0.006964305187624374
ck_77fdac602d0c6f95,0.019532973596163815
ck_e963d8525018d072,0.004916785628442486
ck_6e8ebaea8f7bffaf,0.0027324826167404266
ck_aa42976a31cb7770,0.00472922285572897
ck_22c862a496008c96,0.9945670557923532
ck_527550dd15f38782,0.007154082886709633
ck_b3ab3c210e2c7c19,0.016470146599373032
ck_ed9c56fdb9f45ddc,0.28207016839713434
ck_b53281da70defcfa,0.0032896803001159934
ck_03009b721568ee98,0.017091596545393422
ck_3d9afd862b3f4053,0.3316560246391997
ck_ad3c4be96599554a,0.008896075503307661
ck_d1c787c27d50af49,0.02129378959639248
ck_c7a9c7b2eef46a99,0.0034452937254710716
ck_53036d3c6c74446c,0.08844247893510855
ck_1b1efbd9c0964c8d,0.01744363897733647
ck_d66f42a269d5c1ed,0.017120501096801778
ck_fefc49a2b8ad993e,0.005926531173958485
ck_8b3b874249adece9,0.01614661616483048
ck_193d9c87ad3f1dad,0.0010691741542944644
ck_0c6a50d747593b7b,0.007586235836493457
ck_c830f3830875b47a,0.005117456249308605
ck_79e202f06d8dfe42,0.0801774161133404
ck_5c0fe988b8aa7fcb,0.058155273697869145
ck_a8382d8345f21e1e,0.0015972599888995262
ck_8cb20053914692d0,0.013564539336246826
ck_1da2f69023ca4c13,0.0009710222219306135
ck_38abb60995114f8f,0.028904793813526238
ck_f5791fd8fd8fd191,0.00566703955079455
ck_a4e6fc391b674335,0.222023721434267
ck_bd771efb4a7e15d0,0.005544826123358418
ck_38ba4a6b6a292054,0.09050519298378629
ck_f7a07283345a0dce,0.0013913438997333282
ck_87dc484baaf5a23a,0.0003813521786963167
ck_c84ef83489badbfd,0.015405956965832083
ck_a397cd64ec5d644b,0.0030247821489424002
ck_7977135c2ff61e92,0.007609138958910069
ck_52174855b243a8b0,0.028991641645847988
ck_0f35e930d0614613,0.995365182146376
ck_b170a7db522a0d6f,0.0126922927481731
ck_7af748a23775bd54,0.1062605067551728
ck_52f641c9ee6fda70,0.0030812026432018563
ck_c3719a30414bbb4d,0.009658104121067742
ck_2baf214ad6bc0dbf,0.020912088381255058
ck_8b39d8aacfdd72b4,0.006165452964976856
ck_d39b0152116203be,0.005615966955652464
ck_ed33f8a937f9c7c8,0.0042316820435847145
ck_8ef97b55a5fd6ec9,0.0024962890872526023
ck_8247f008a14bd1a2,0.0019646595537723232
ck_f0d349d68249d5db,0.0009801678165479472
ck_a544e766540861fc,0.009555253106022949
ck_9dfaca4c7c80b10d,0.3088798366698283
ck_7e5401c362b2216a,0.0009589855352465371
ck_64ff60c073fdb6db,0.00952219951034487
ck_fc5ea49518e5d637,0.0006245516052160473
ck_580f136ced341298,0.000881992453415596
ck_9cbef9bc95449dca,0.005554610569884795
ck_e475a3b8ba870a7e,0.0035063554481734186
ck_97e94708bcf43563,0.002203963262238002
ck_13f03ec785cbdae1,0.0018101488788092295
ck_152820d8817f478c,0.0038236271410492287
ck_d20d4ba60eec9945,0.010065144604821429
ck_5c45968a805132e0,0.009747799655535147
ck_bebea2cf3063fb24,0.01211733706480526
ck_c3c69aefe7ea1d2f,0.0043182985239961615
ck_02028b72f26fe855,0.004654198752184037
ck_dfadff70a58a9133,0.00037733197090827626
ck_6482ed4491bedcaf,0.0031284225788396486
ck_754cd7b4a5ae3f94,0.005974718504476938
ck_3132857aec8485bc,0.0012388350038116567
ck_7ce4ca91b8f9f1c1,0.0031042461070238283
ck_41938582f4351772,0.01056182405417652
ck_f87d66946252476c,0.028509119529827803
ck_8053f1879a9b4e43,0.0018549718682585887
ck_93892e91387f5103,0.014422496263133794
ck_15254db133b28371,0.05038143638594876
ck_d557b9feb241b3ec,0.0015508957157056938
ck_71c3a8e4c12c989f,0.002300662418376226
ck_80e3041811033443,0.05650885582956333
ck_3380d60067b4634b,0.0016202230007980804
ck_a9c2cdc758df8510,0.024305989936026656
ck_3c0031d7514da17b,0.004805450857249705
ck_18d214b1418be39d,0.003307076995538276
ck_7ce768407fd48321,0.010458726490395772
ck_7a50abd42298133b,0.0028543350694169903
ck_2db10f987d137582,0.08653907459267449
ck_e077d004cd1d80ae,0.016051203164215152
ck_1cb6dc67f9a321b5,0.006581669795772542
ck_b864f64101149c35,0.8054527745011681
ck_9bedf54df9418e4a,0.0017581291327237354
ck_c47e32c47f0e6578,0.08888624564906211
ck_71f382d5e338daa3,0.0033433200701409047
ck_14b4bf7be6ac2b61,0.02265586219502554
ck_5c87eea1cc07cc92,0.03387316138064089
ck_5f445182829ef342,0.008481141582139298
ck_a5d7311291caaa54,0.0020430813414850377
ck_b7df99aecef385e6,0.02628410070207619
ck_3327a0582407068b,0.006005794913372794
ck_08dba09fd7dab896,0.01711843294263276
ck_f4ec334be5266378,0.01121084869013673
ck_240f7f894c5a86e7,0.0016566614641477357
ck_a9d994554fc14a02,0.0002661402742936517
ck_13648cbd306eee6d,0.009598880698679872
ck_601edf9105b3c321,0.9903310500664192
ck_9527adac182abe57,0.8258894019686942
ck_4e0e80f5cc271bf7,0.0005542711920798977
ck_96a89e720176b389,0.06494963845430843
ck_63560eec94b76d2f,0.00776924621074279
ck_c9c99e5b19aeced8,0.0018893019835243892
ck_bc32655ee5ed643e,0.013234188569592315
ck_edccb5a93b741744,0.0018383342269884008
ck_f786cbc987b70930,0.001850225486068089
ck_0e8f26536ccc8947,0.016054523118664243
ck_b87ef4b98cfcec4c,0.011694616204360539
ck_1a9235812de4b2c1,0.012505254126644019
ck_d1ed88ea4211ba4d,0.001820569233377595
ck_a4ddac49657a4450,0.013285640872337237
ck_d9ffca35188e49d8,0.015309674324443107
ck_3db73bbe03c3d240,0.0009573604259513837
ck_fffa0622344a36ab,0.0009459593156329468
ck_148c28df51bba5e9,0.9174489781334705
ck_076cbc25c8f15fc3,0.9446361461022492
ck_e5ca550b39ed45bf,0.9333839327346007
ck_8dacf3a2061ca17d,0.006340209989385001
ck_2d7394afd61643d0,0.0012028039781478512
ck_e42206e91f6a1752,0.002001798006733901
ck_2f4f94827984c426,0.0015620065449939093
ck_edfe8e90e8f4366e,0.0012612291122260655
ck_646b15f753e5e9c6,0.022095807746599333
ck_66600620149c8799,0.005258048000052877
ck_4ff6fc70bccfba96,0.20430638605797155
ck_41af3729590c2484,0.009044482838856078
ck_920a48ba8c583e96,0.0006859665073147851
ck_0253b3e7be021306,0.0006410644602504543
ck_2ae6949246ea2648,0.0027634124021638585
ck_db23a5100f338d72,0.008001755387531702
ck_fcb2a559474c3493,0.004506903098671881
ck_0a4d7acd2a53cbbd,0.002107459943630519
ck_c5d62b2b7a6f3bac,0.9873356162668244
ck_cf59f4fc0ea690b2,0.0024658496551939082
ck_837be8126bb19250,0.0004912602134524305
ck_58955542edee1adc,0.0029165097474572314
ck_1b93381d8eea58d1,0.0027606079049064393
ck_97b8e05d62abdc14,0.011122966733801701
ck_71a0d645744302a3,0.0024032442939353597
ck_a7b57882ab66b111,0.002377618179822435
ck_65f76421be648549,0.0030174457561398305
ck_b53ea8713d32ca7c,0.011243296812734439
ck_991c4c924a1d85ff,0.9665368249252545
ck_8432ccec1a4ec7fd,0.9972713196176102
ck_64c1633297f43788,0.0017618585180296507
ck_4291fd9c1161d8e1,0.031188998499065333
ck_5e98ed6391d9f429,0.018428889930889654
ck_c7baebe4549fdbb4,0.039654417725412096
ck_6e67225ba59fa5ae,0.005221024531658363
ck_719602def4d35fe0,0.007915426364447482
ck_bdee7c86f5ebe81f,0.009039615966445142
ck_8de38f8c7f91961f,0.03041433922101262
ck_b0b5bf9254700402,0.005619460482614988
ck_7b55d9bb1a250d4f,0.03189598512431395
ck_3954b7b0fd1d6614,0.0008811367944240155
ck_f29471fe7c818d6a,0.004985048575706795
ck_9e65a8a2f587691a,0.005352913763852046
ck_eaec5f1a83b66eb0,0.12471697125480866
ck_004fe0daecbe2c1a,0.06662510324897708
ck_d17653a4a2d4a79e,0.02209662772157404
ck_0dd417fcbf19e424,0.006164636729191562
ck_4c99a6eadea143e2,0.0749450718292224
ck_74d602c907ee9119,0.0007577022187680649
ck_1aa87cb62acc0ac6,0.0068363294111653625
ck_094974d75e29fb2f,0.05940387696305997
ck_5ef935ac3d4d3332,0.0038482571585504353
ck_b26e4ae47c9107ed,0.7842401808276012
ck_396cea6f95186ad2,0.01750650419885626
ck_48446a9e8184c7d4,0.0017156389402854585
ck_31e1ede23247d56b,0.012612601999522497
ck_7afefa349b960a3e,0.003636933481898404
ck_f5e02a3432571b20,0.16609613582958124
ck_64eefec062592c43,0.007579395895332292
ck_a1201284122c141f,0.007465795469642401
ck_1b34c420a4c85a95,0.0025523061153970854
ck_d637a011332ba67a,0.0032581994466848825
ck_99c0004d8b7079f8,0.0035975588026613686
ck_948517bad569b40f,0.03373526972268677
ck_a28d6b1601b472a6,0.037581605648004
ck_a0b4209feb31f5c0,0.9965938585701583
ck_d6d2c1f6dfc455b6,0.7872560278913922
ck_3f9e6d356d3dd3cf,0.001282006811551256
ck_d08e00c842b75176,0.003525075761357785
ck_bfdd232a7c5f2660,0.04092971345178935
ck_2cdad03ed069438c,0.01628055036087092
ck_42317c3eabd0a285,0.5232273664908542
ck_3eb73e56751c704d,0.016762255549765383
ck_ef33c04f4c9e3758,0.04484127317300315
ck_1dc23dc870f1773d,0.008254179212336439
ck_76091f357974a152,0.007745618791477393
ck_4d9eb75e8eee90fd,0.008201719446388036
ck_578f67e69e5d2cfd,0.013286809569082025
ck_3a8ce1cc724229b8,0.0006515136371797799
ck_a96887f841e80fc1,0.02045703105118981
ck_d2d4a8f4a9f2c33f,0.002425700871053369
ck_11f85bc705dbe036,0.024910238079977307
ck_7429b3f87528e335,0.0010349633661166327
ck_26df74feac7ec51d,0.01280617456862189
ck_c78b2638fadd91ab,0.007996926098362552
ck_7eaad325abe3b50c,0.000965495354239548
ck_fd44e34af620e606,0.015024111528424455
ck_f99738dff854e25f,0.0010125148618739491
ck_1ffbce3a239bb264,0.007344010811729455
ck_96c7d52ba0a766ef,0.017419431560062936
ck_cb1c00c300af3f9e,0.008122165405120774
ck_ec3d12848ced99f2,0.01170996441673961
ck_26cfd7c3c6c7bf69,0.002526854599041788
ck_7ae86b5a885affc3,0.03801581502546838
ck_3edaa94d28cd48ea,0.00365489714963107
ck_3209c530c9812e39,0.0017993721536763408
ck_ea62ebfc1f04b49a,0.0018783702897000344
ck_5fc90b4668ea81bf,0.006879648407102837
ck_95654593cdebd141,0.006904112422924104
ck_958c0bd61820147f,0.036022745020382406
ck_8440ef1386c07194,0.00293732830919683
ck_8cd1b68dd74b1375,0.13032159090840387
ck_c9eb4df91ff07f2c,0.012883734240605665
ck_c29489366c01fe65,0.9631905440745939
ck_c965fd6bec0f0ecd,0.014583283410763166
ck_84c402b23766e1f2,0.01163971422753855
ck_181f3dae03b87136,0.006477146014849734
ck_022a8ae79eb28cf6,0.97057638176435
ck_469c17407d17b706,0.029573043641773357
ck_1fcc5843f39148a9,0.0013620607740030427
ck_5debd55f361b2ddf,0.002784015330270783
ck_28cb9b03e89263f1,0.001654972171734053
ck_f067470743d3c7a2,0.010679860569888552
ck_d5d225ce41a1a762,0.006095370141482911
ck_15b4840922195ffd,0.008857980096275983
ck_6bcfa37c717f19f1,0.01924984428820206
ck_8d501a0386c66be8,0.12732485580987102
ck_1a9d6190c57ea7e2,0.424557994259812
ck_c49832eabdac5bb7,0.0010940116437328817
ck_b4331140b2e0d4aa,0.0015090469276699502
ck_5efbea1befdefe1b,0.09538397549546454
ck_72ff52c4824072ce,0.012836125518531399
ck_ec3715add8bbb6e9,0.001500791657899881
ck_9822f8ed05335741,0.0036028724539725124
ck_c3d7d3d12a1981a3,0.0021868790675084494
ck_a115a7919ac5875a,0.021609456540629304
ck_4dd4ed23e0b927b7,0.09564648447319073
ck_4c76efcc1ee6762d,0.0184293883146875
ck_3ad6e7bf452c9b21,0.010948755074987876
ck_dcbab304b55a42c7,0.025133849556273607
ck_24b53090faf722cf,0.0037862793093358395
ck_187317383400491d,0.005378322122448087
ck_e07fd57565c94c28,0.025749603904866865
ck_740e760fdcd27835,0.0013449497170622434
ck_d3796aebda1cfed5,0.9003574683001048
ck_e541967c681cb929,0.013896355367815763
ck_431118050b834dcb,0.0004084349513865857
ck_90f3655f0c8a0074,0.000703589507514578
ck_13cd943777651aac,0.011628725837876832
ck_66accecabf3901c0,0.009455301841366521
ck_937f0da2306b2eb9,0.005780876347526114
ck_105b0c93573fd5b7,0.7922568070218149
ck_00480407160e0743,0.0012936902546932668
ck_e032068be7b77d15,0.01379970158415349
ck_991b7dfd69098320,0.001141523747372176
ck_37d47cf0f34574a2,0.0008656500287238867
ck_011551a596544f5d,0.0015628436113502369
ck_9acd98f4fe2d474e,0.13703533270038415
ck_7c88d3d377bb61bb,0.005971379643996188
ck_e2374c7136c964fd,0.11965023225701765
ck_2fa8f2577116e9ca,0.03588615490239089
ck_d07c5b0321c685ea,0.07515785826179569
ck_bc736114a31088a7,0.00535873574943388
ck_32bb42f9bff197f8,0.002302163274011168
ck_66267bbad1f1415f,0.991581304886376
ck_19988702ccd79201,0.008166486289219002
ck_f473a03fbcdbc4b0,0.002040855472017735
ck_e3f1d85fa5d49396,0.006065781738814084
ck_c4402ea6291df271,0.016689057178738052
ck_243bd5ca8c4ae5d0,0.0043057232912294425
ck_f271e855925e8d6b,0.041172399550799516
ck_e424148c6f2223df,0.019872194295009707
ck_e4d0a9e1102a58b5,0.002977488468648745
ck_91c2a5fe69b9b1d1,0.0019759227386764266
ck_5fd8924732fe403e,0.5758320029455131
ck_9a881d5433126ada,0.00584329587932597
ck_73cab88b29c7845d,0.028652995560472145
ck_5b5dea6476d4e182,0.01148785382975932
ck_ccccb17d2ca6ce94,0.029427350078767317
ck_cd1dc68e441222b1,0.983495616825724
ck_8312c49b1431a406,0.005613287177284522
ck_25fea39897f2a559,0.004418440490046941
ck_f56200205280bddf,0.021001099487189825
ck_7336611650dcc088,0.0012235026754816498
ck_590716322ff147ae,0.023375903544553288
ck_c82364d87875a1a1,0.008507207506263688
ck_fa4b60387d744fc5,0.0010297106929356048
ck_d841eba8906e9a15,0.0013081667637753782
ck_d6df562a79b9d0d9,0.004108366214930966
ck_59a14d2564193101,0.0015815751514183264
ck_8530158e3d7f59e7,0.0017565953334775174
ck_ac68d707006c12a8,0.003648539068424582
ck_976fac1bb3dd8c58,0.011182969381140693
ck_f854fba8f4adae3d,0.07666066524174724
ck_b98e9c3ec6e7d1e7,0.006919910099576621
ck_803c0b4cf9d4bc1d,0.012733425560606183
ck_76997a33c3ea5107,0.0004927390064480969
ck_f1a9d832b700bda1,0.9856371982659565
ck_2bd96ddb8c323d63,0.9928141976241053
ck_9e5b7acf51b1b743,0.010636984703637432
ck_09169f22194fd6aa,0.012088284590192986
ck_6d69e092f9b0848b,0.008161702155272389
ck_9f83fa5a2d3b9049,0.010411533311688342
ck_57bbb19eecb4b87c,0.00136615351103448
ck_e0e9cfabb979f428,0.001794493441342198
ck_b1ff9edc51d42f97,0.004178909010678427
ck_4682fad271d47eb0,0.9019653196344926
ck_ab33fb754c818ae3,0.013490369892680737
ck_b456f62b80e21557,0.00048673197690488924
ck_16340be3f2a7fffd,0.0010387212529680337
ck_ce66831f6611014c,0.005137400209985388
ck_4610a073bb54d1b1,0.010614345154447914
ck_fd038a7d33a9d6e5,0.0014935283249413076
ck_c8198cb4c461304f,0.023502671263960218
ck_1e7de58822000dea,0.0036838995908227944
ck_b2a79dd3df560f14,0.018767687907673598
ck_74a06f347b32347f,0.005849951501325074
ck_c6fdb2972417c9bd,0.012500767037232121
ck_d7607a213b800bfb,0.050262787920465256
ck_df65967b8b40319c,0.0005915026871392042
ck_329a73dbd585ee09,0.002267983302997328
ck_74991a9e85c3b07d,0.007404413375039725
ck_bb76609b79e0bc9f,0.007211426398244719
ck_f7fc1bd0b9ab1fa4,0.014636224907315934
ck_d111c98b36bdb791,0.0011083208543786296
ck_f07e27d125497b66,0.024442198197849405
ck_093e3a7134e11d6b,0.004567855674477292
ck_862c7953bdea48b0,0.008597710476676212
ck_392cf2cdd515c34d,0.001796174755859311
ck_80eb91b0b4001084,0.03492666681688492
ck_5923f53b77193a58,0.06329969571555481
ck_8049f5fce32be185,0.7034205846344717
ck_ebc5a2c6cf88e252,0.05982370581944609
ck_9ea5872f14cce338,0.10467893123746372
ck_f7fbc95ebf584379,0.0027106246099372735
ck_bafe82c870356706,0.9892996051857269
ck_278b36c5932d9bff,0.000695927617072091
ck_6a892dd5d05c1649,0.0061576123355828825
ck_0734fd90b2cabd43,0.005805477273866993
ck_9b552204498b6762,0.006670383932563952
ck_f6c909c205767956,0.01882840174577247
ck_32f590e87bc3d715,0.000517894061678768
ck_66a8325f28be7562,0.0018102533900625386
ck_b129261da9c3c3c9,0.0013511363636895572
ck_a524071c51ddde20,0.012762825725962112
ck_ba576d6d4cb6130b,0.05373825505873695
ck_8d8226520722af78,0.012904445726495966
ck_c5b0f0d4f1655a20,0.015896344037319373
ck_61814ae9b6d8eab1,0.0034032149068275556
ck_382ebf136f7fa337,0.15805114694003114
ck_423ff4ede6a9f066,0.009434908730106812
ck_546ad962d04b7de4,0.980772924019653
ck_9473ea4a01c95f9a,0.038366784833977895
ck_9eb1da8cd35a50ce,0.010826055048250032
ck_de5eaa2cdbcb67ff,0.0785447994511632
ck_537cc97d0398c922,0.01727642168943305
ck_998475a2e4dfad4e,0.00799130731021174
ck_e62eb708d2688fae,0.010093254487603497
ck_ea623358f704daa7,0.06484913763047247
ck_b911a09f328dfd4b,0.0017702145226230024
ck_4b3506b624e5193c,0.02900824375367912
ck_448456f96788713b,0.028776146105202228
ck_5d5ef9e75f65d076,0.016653431374524377
ck_3b74512f774a6e5a,0.010440602206192043
ck_a032e8ac1507c6df,0.9408858205162118
ck_7e2d6b22a0ae20c2,0.02415849541962275
ck_d80283209c963f11,0.0034805020229157642
ck_d1157eade2ac3975,0.0162942441096909
ck_be48f583f79427f7,0.014739656781299492
ck_0027b5d4107d65d8,0.020758187157844162
ck_94fff69584dd3b2a,0.016089908290795797
ck_75fcda73f0b43557,0.0064398082187080595
ck_a1c78972e4ee4082,0.006257421834363938
ck_f0982bbdbd122f91,0.008693330700577328
ck_3199b471575aeb3a,0.0014963240706587359
ck_7fa947a0b1c1cf74,0.015056199170411098
ck_a60c618b7f0e4252,0.004686119955081833
ck_722ac47c8ac9b6c3,0.42344663493159385
ck_d44dc3839a195c8a,0.016677266631148255
ck_a2c3e82fab520483,0.013899013800547772
ck_6f8ae0319c07cafe,0.0011828971861093031
ck_49886ff1e2c759d6,0.015380598869151862
ck_150a1108f936e6b0,0.0038266551394460545
ck_e21f9f96f597695b,0.008099224112615459
ck_7297bff2b7fdcbc8,0.0006916541435384274
ck_ee949c71f4f702eb,0.9904661913229338
ck_6fc37dea4b4f35c6,0.022598423942570164
ck_e76257caa98dc25d,0.9753719597213024
ck_828eef2334e17b3a,0.00871020476246816
ck_604e1b8a8c693aa7,0.002128049364200039
ck_7743c9fe037d1f9e,0.011143323863659273
ck_864a11202e19e812,0.27427131168817337
ck_4ec040b9e3785e4a,0.003278480559730798
ck_7346e4f820d9c00a,0.9248984623380817
ck_48d4d63beb26b623,0.002247483301056362
ck_c423aa6de3ed1e01,0.004489518557837731
ck_d74b2ead8aaa3f73,0.024001039229081287
ck_1dd69a11daa7bf1a,0.020362902521685176
ck_d9143e236eef177f,0.005578754384177287
ck_f790d91e5ff0eccd,0.34253368486031227
ck_69b5620e00ef5dec,0.0011395657268977548
ck_cd32e58e8a1c0e85,0.004638271569469707
ck_064013b0957d87a5,0.9943547994105373
ck_a481385c2e60dc4a,0.0017527035991865797
ck_d72035cb29db3aa4,0.016050437329782247
ck_3759939a0205306d,0.004401715237937126
ck_f437a53fc832ec95,0.738398375019014
ck_260ef2f3e6434819,0.06137181293635653
ck_35e411b05d22f663,0.004045637905765646
ck_8bf46e472f3e20de,0.056145880056378515
ck_d546994fc5d3e9d1,0.00378388343111966
ck_6ff0fc7487e737e7,0.24862036390347741
ck_5c67f27816ae0b6f,0.012868732688181343
ck_c5517923458106ae,0.0024544400702184053
ck_d9735647a6b0b0a7,0.567133480234592
ck_541a734fc457246f,0.010798535821269878
ck_2f6a639468f41043,0.0043996276726042125
ck_bea2cf7a6b7bb900,0.003953285492231501
ck_7eebd0e6ad6c070e,0.011964730908815165
ck_b64c87d5e3b10e6a,0.8845921186456742
ck_9dd7daacb7833233,0.017536495697359017
ck_396e9ea9a6c6d7d9,0.012365803668638958
ck_1645e6cc53fa99ff,0.019065917892502095
ck_ea2a83ccb8d57490,0.002350561154480179
ck_e64f0df63e1be595,0.027538333438690377
ck_fa0b234481cb57d3,0.011644809575917087
ck_63379e3c9fe6f711,0.009679332169734146
ck_c67f7944896a0310,0.09538052003788786
ck_c10e54c9db29e6ef,0.9934207544951746
ck_7184ad7709ae4c80,0.0071496579320367085
ck_f8b6069d7577fde6,0.0023875307697103945
ck_18444be153bac1ca,0.9151758786613791
ck_d0982b4e0e118e4d,0.003732713675050574
ck_6faf3e6820398866,0.007481776936266063
ck_97e980463aca4644,0.0011816934691368992
ck_630c835243c66b19,0.987505976742408
ck_fe429ba3e1aa0e4f,0.011839759474828546
ck_1058129ed7b48c59,0.006100373340396254
ck_04a1a46f07885296,0.005920142295498724
ck_f01e94331067edf6,0.0054793464919686615
ck_77b2fb17c29f5e72,0.008784550826704693
ck_4f0c5857da45fb28,0.10148774382476829
ck_2cfb9a7775e8a5bc,0.9782104047832633
ck_6846100e43659bf3,0.003879584595156302
ck_f89719a854fe11d7,0.010103338537497503
ck_bf47375e41ca3bc0,0.0009003123137653459
ck_2770b0400a7bef08,0.07354548160612658
ck_2a09d142de1c77ff,0.01657258162607722
ck_857a1f5547b9ad68,0.00954608077124405
ck_185f15b1523bbcf4,0.0015005036503855102
ck_ab2aed614ec1cdf8,0.012325168857108538
ck_a9e7f3b2d5dfd97b,0.00522858262481736
ck_0eeb3d9b3e697edb,0.01730873796022222
ck_fa5830d81bc8ddc1,0.0030875862433562377
ck_231ae0329ebc3220,0.0018462098315980544
ck_1587763dd54688c9,0.0020277608691641738
ck_9f85fea4490c00cf,0.004282240780603609
ck_a2d709e7eb91e4af,0.05229413748457974
ck_43637d28c7216453,0.0010859781141092932
ck_f3ab5dd853d38252,0.02301429957346316
ck_4a1f0172d3bf4fd3,0.0032057499102076934
ck_517620ca16505af0,0.0024698652448329364
ck_9ae904fbef56065c,0.0011542978636115188
ck_d5ef1f6e34bb35b8,0.02831677126453034
ck_ff42557857ae3aeb,0.0024651392498015344
ck_ad9a18f58589faa7,0.0023623681168392983
ck_df1a6edaa3e6b271,0.001818470080185501
ck_99021fe7225b5a68,0.04931420036813201
ck_99e52c3c2530b69e,0.9862809290735448
ck_3a4811dc4a1a891d,0.0017192381372120227
ck_ba3a6be026c87079,0.005064205560684078
ck_da6d1e5cf6aba6fd,0.021840516596704704
ck_ddc7c1f3d45fe6e6,0.0051531236420199016
ck_e1b1e7a7e4a15b3e,0.0023765871290037134
ck_8288f7f226e08b89,0.0026600941014084225
ck_c4524993ec31dbe5,0.0013471536195340545
ck_8b19bb5b23b6741c,0.005016984604784818
ck_d21b38231a8a9f4a,0.05128734176210346
ck_3f730318a9792292,0.011395356923464129
ck_a4db6e94a8f77f9d,0.013568137763116411
ck_a8cac8d480306839,0.005798584784506441
ck_5472214011fbc2a7,0.0015988116748774986
ck_7356f47dbbbe7904,0.00229241280968529
ck_16801e628e883d78,0.01037075934208202
ck_0dc1e536231c4860,0.010803954162524818
ck_7cd0634a6e60af83,0.00859709801834987
ck_ef6f8e048ae1bd4b,0.00586343463471374
ck_82f3f744209888ac,0.00869718167728466
ck_f33188c232a03526,0.06972750239196876
ck_4a59f4e10bf45d7f,0.0016573190074527229
ck_d96c893721385e4e,0.0010258762673097856
ck_f65ab819373edb37,0.012000727485620751
ck_21cac21fc10b7768,0.0036474413252674336
ck_139b54e6ccbdd7da,0.052060520737754266
ck_d6f5c8741697abb3,0.006474868235694398
ck_a28d9bb5590d458f,0.07018216813792859
ck_ed26d906883bea0a,0.0019031625240372697
ck_227602ad072b838b,0.0024081455303249684
ck_39d5f6c17c745ab1,0.001250934744019484
ck_744eade757ba69b5,0.023437627246307192
ck_c1295d97cdf35ec2,0.006734375145332591
ck_69105f881da3c821,0.02366810462141894
ck_933789b55361d7c1,0.8126649069368366
ck_b667952253503174,0.002375082329468791
ck_7bf668e25abeeb05,0.0022518838187798058
ck_91742711dfdffd56,0.005295521558422908
ck_af32a0660090dd68,0.024037660405684412
ck_2122f201e65f76ee,0.00326550659552549
ck_f48acb73a5d6af07,0.04289632319617848
ck_337c5684510cf432,0.02799429236090112
ck_f7bde7265053364d,0.012626480762472794
ck_c190c7b924edba75,0.012496481923629269
ck_044fa3b3a003f0b5,0.009289631659671393
ck_87eb43e3b9d96169,0.0553400381948025
ck_2d3d6c9364362017,0.0008193898570451885
ck_ac55dc6cbcdf8228,0.004291357825152903
ck_61d7b0568ec5d6cf,0.01198655650182873
ck_89c74feeaffa7d09,0.0027121917386518984
ck_93776b0c113f41f0,0.03428287686970548
ck_15e0b679931f7a8d,0.005855197040779422
ck_77b56c49cfdb1d81,0.04454448872338645
ck_73188a826b5f499f,0.0009978022053998478
ck_4f463ef25325ddfa,0.34106964235403453
ck_863db2e394dc47d1,0.9895763294224865
ck_d52432ed597f3cc9,0.003226915712704151
ck_04fb61e5739642f8,0.088907518306899
ck_2e481d75d110c06d,0.07739629979419689
ck_3fa1a523d77cd619,0.011890820696702992
ck_466dc6274fecd708,0.01475451975102332
ck_e1790b3aa2241b10,0.9107121061222696
ck_84ad096a46e1a960,0.024294419942968194
ck_3be72c9c178fa00d,0.012795047933377634
ck_5a17c89219d1d9fe,0.006317638667477696
ck_4f639f4ee6ce8d9e,0.01936911265047688
ck_f4ec4a935e51b4db,0.0066925413482162065
ck_f04040a830f92bac,0.0018533096899334088
ck_3e4d02a04be2aaf8,0.018385997911610923
ck_4d1baef193cfb900,0.03265344488030063
ck_0fb3153d37626b75,0.0006949063199168813
ck_88ec57a11b11f702,0.888194500027564
ck_dca9dc465f759db4,0.003306907581116507
ck_64f5fba6af67e024,0.023910145300931888
ck_896096cb167254ef,0.04439392839513979
ck_7878679065876b98,0.011855944480908449
ck_fe8e5a6c880ceb4e,0.002157978486375028
ck_a5e036327d3d1862,0.0012190446193802071
ck_310f73940fc4cf4f,0.006123825956456917
ck_46a8db16ad00b749,0.010879501849564654
ck_0d33977c3de8cfaf,0.9937322529153818
ck_c6fff412f531db0f,0.0007959010439581691
ck_bac6dadf428eaea9,0.02446033307719591
ck_1b96d9af0d7da2d5,0.002703244910719265
ck_fa8a4a9e77799fcc,0.0012639274193669233
ck_0bf48607a874b4d1,0.001676743939877794
ck_eeb75f8a6439f65e,0.011806953892427419
ck_a209a5f7d172125e,0.006958544903509653
ck_8f346b72fb40bf14,0.003388607793101528
ck_bccbf9fef367f00f,0.025809631264513033
ck_2d1548f1ee405cc9,0.039968592147354196
ck_e8298ff2dc1e9d50,0.003209740490520546
ck_77c0fb524edb4a94,0.002082120045940908
ck_28ac4c5134cb8e77,0.010574078879086072
ck_db23a0e3e54be60c,0.6847594558752699
ck_a059d00cee5cee99,0.003433165834871209
ck_3e9e3bba8bd363af,0.002054761092134478
ck_0428728df24cdab4,0.002772054952771807
ck_88cd35378075c84f,0.0013737675056553235
ck_0174d76398d9dc0f,0.004191071886498324
ck_3f1287e6c27de0dc,0.00779077379334719
ck_ff822700f3605e06,0.9980416714670355
ck_4563227b2038ae07,0.27408105462277266
ck_788e78065526ee19,0.007440783753980501
ck_8a16eb584093b12f,0.000977078031836022
ck_cc276f71ab6c08fd,0.014938237089021273
ck_d61d97b21002f3e9,0.009465076298360176
ck_4b2e87d86a5e415c,0.0117844499272855
ck_3e6f35e4500d2f2a,0.0009635759047359825
ck_3acdb083e0d8ad61,0.0010126412673436606
ck_cd655202db489010,0.0008908749761230321
ck_829cbf5ccda481ae,0.008407357076972793
ck_f5882e6f98b8b4cd,0.0012482693559963706
ck_767947540b234add,0.009420637050436461
ck_a6e8e8f535b1f1d1,0.0400683637789576
ck_58412a2674fea506,0.006947454322422922
ck_fae7e518a585fa61,0.007267029906917312
ck_9c60ae6958d68dbd,0.08826648624139241
ck_328696b8f5e54ec6,0.03390570314856763
ck_7df3f8f4f1068d62,0.001637153182082646
ck_cfadd21458230ef7,0.002767217144315545
ck_7048bedd554c703b,0.001796376062838503
ck_50422466f145bfd7,0.0024736160253032184
ck_61e1f7168cd9ff25,0.024352865474098047
ck_733aff0f56f5b3c9,0.021220028208089357
ck_e14892e424180549,0.0018294627154799587
ck_03f6664a96de7d0f,0.004411116554361003
ck_b7f4baa2cc82fe61,0.010588596291784186
ck_1e51199a075ca0fa,0.0039951701693440814
ck_0e70516fa07cfb17,0.9192951183030168
ck_0f37c554a5057801,0.7832702755742821
ck_5576b725de38d106,0.0040547092454092356
ck_82f360df1e9f4eb8,0.013456948621289646
ck_395f3bd4aacd7ca6,0.00978618203159513
ck_5e8e857b63966609,0.2785727681889427
ck_93470896f0804b6b,0.9126111877530129
ck_3be854e42e76569a,0.00413416518985876
ck_0567302c57a2417e,0.06311650899141122
ck_ee535461b5f05539,0.8342201366980371
ck_94a096c36162a153,0.0053671739692674626
ck_dfc8f5c141fd7c63,0.012429285774353057
ck_98b34f2d704c1c2a,0.008716542801913422
ck_96dff7a09d45f116,0.0073106280686040335
ck_79557434c129ba52,0.0014625803920978418
ck_4596624a7c01d501,0.004019697007849035
ck_04e89fbd739243fa,0.0012852433678386369
ck_6149ffaf18872dc8,0.0012661720355380001
ck_cd78f0832a09bd8f,0.7946954998728492
ck_7e29c10d781c3b41,0.015290026509507604
ck_1f7ee7b23fc6f2f4,0.0014722204330053158
ck_c49b685d2b3ab89a,0.001841786217915765
ck_84569a8fc50e73ac,0.0040211012910170455
ck_b92b11d205af91eb,0.0006567755018128729
ck_06280e6d6d2485b0,0.004717002547219486
ck_3c08546dd0c92863,0.004882772648054283
ck_99d3983f907828bf,0.003089542062492278
ck_eccfd552aa652d3c,0.00837168163595893
ck_0cff8153881875ba,0.006699157651481385
ck_c1aebbeca6ab5ff9,0.006355432811427525
ck_538fdbbb3c2bcbbb,0.09343034824429129
ck_8c0210322733c718,0.003578910633401202
ck_0b0c93039f987abc,0.00880438994976544
ck_6d07d6d1bd227d37,0.09346318057527278
ck_9b6ee35e8cd0b11c,0.0024894604492021882
ck_d838491d3d4f5ecf,0.003746792435198365
ck_0593ae243a9ebee9,0.0048043295516167085
ck_ef261fc09be8eb0b,0.003796615499801899
ck_d0935b571a4a3868,0.011627771797004702
ck_97d04a67a104af39,0.0565968808057381
ck_e25f70d0b7229420,0.00755408961124837
ck_9b71274ff83de482,0.9655504482754308
ck_6de2aa2bb60978d3,0.023103704970211053
ck_eda55c8fb47593d7,0.002762337081563656
ck_924e572517515f19,0.43485362148660933
ck_d6f27eacbad310f4,0.0037545680447633677
ck_8550f229b5eb03ab,0.003146481654629582
ck_e3e95546a84d0ed8,0.01626028525289382
ck_3135c019696ee6af,0.9290993398150228
ck_41ba315d8fccb559,0.002074436347059665
ck_72b86e4485da2d0f,0.9871627686294289
ck_daaa995f3c2f0e47,0.007604059242162736
ck_053746067839696b,0.01531574954986406
ck_a15fe7d0f4b65c33,0.8587935276459004
ck_15de11438732bb05,0.009728895899357319
ck_2c4d25acbe3fabd9,0.012034683230721141
ck_7f08078908599bd2,0.018671426216327718
ck_e794741742fb2619,0.005096141687230846
ck_238e53b6dee8c301,0.0015917465675810874
ck_53a6a33060d5c8b8,0.003377099361415725
ck_0e0919292ad33472,0.9806790962390733
ck_d86ccf148c06c8c8,0.05672467510619389
ck_c881f26c9bf9ae42,0.4662762317829324
ck_4b0947bf94e9d847,0.04840828210724303
ck_e10ff5c38bd18470,0.006117428545280611
ck_b60de9e97aad9e45,0.9571955566645955
ck_190bc849e5ff5401,0.014398785614742218
ck_e7be077aa0b2632c,0.002484985078400794
ck_a51abde881ebeff3,0.011513176671090747
ck_2208392a9f6bd249,0.009817490787667704
ck_0259da8f109017e9,0.0013257734143801011
ck_05e01ab9c95449da,0.014543632685558697
ck_c82897ebffb6ae66,0.0028700437558022854
ck_b4a6bb4689cd7cfa,0.009062332453764095
ck_9e21ea33018ce538,0.008197000963114038
ck_caa348f0e65db062,0.9937892110782254
ck_a964e6b5d8415334,0.13170722260406698
ck_510bfbbee37ff436,0.03224126713912118
ck_9741a82faf5c7889,0.02581673821908298
ck_e7f61b4a39ba98ac,0.0011947050143748614
ck_069d158665a53909,0.009497735233328926
ck_6426427efe3228af,0.010136112277588118
ck_ab4a8d02ec3c0fd7,0.002015215983199449
ck_aefa0d8d933e0eca,0.020938385367970762
ck_232325ef6bce92f1,0.0033523236948909555
ck_14e58c3fb26a2b4d,0.011323379148484724
ck_06e73afdec26aecc,0.22917824961392133
ck_3168f4f2778d64e1,0.007033212171701104
ck_ff3998d6858daa21,0.0011192050374122817
ck_bccff46fb0868454,0.16048696530355394
ck_c7d444d90fa86d7c,0.1502082052722627
ck_f0bc3bdee6bfbb94,0.006612303338877933
ck_f7112818a6d81422,0.016710582122329638
ck_aca35dbcb835ad02,0.005380092487160098
ck_f637fabf0f60528f,0.004083472867562705
ck_53d17ab97de1ac3e,0.009118270312475904
ck_c8c1bf16d9113493,0.007364787376009331
ck_e842fb0cf055a83b,0.03774149931714344
ck_93c0cb3dac4891fe,0.0029172099714026276
ck_0c1f088e17e46daf,0.020148086878453514
ck_8f4b384955bf57c9,0.0037927250390701744
ck_09cd5c4df1e81ac2,0.20784540992088302
ck_1e832a5b2342554f,0.037277963322834576
ck_2cb763a881aee27f,0.001341805711840653
ck_5875828b11406398,0.013612377404747189
ck_48e84b0cb0b90fa7,0.01025054645664112
ck_833688de8629c5c0,0.0008874032425715145
ck_117d78ccd5820f36,0.01607203391342099
ck_668ec61c4c39cae3,0.0014054376527596172
ck_73a7794b659d7a34,0.0009194094077671116
ck_10f90d879209734f,0.0031386681047770744
ck_d1d079913aa158bf,0.004130328759096793
ck_01c631b38e8a9535,0.002536807582384194
ck_f6923088c17a04e2,0.056859226792653185
ck_b447badc9138987d,0.00182577366518562
ck_8b772caed8f1541c,0.0017179176378503565
ck_5403c76fe68a08ba,0.43908278034720977
ck_3e6833574edf1736,0.014495743570451367
ck_e527fbb9450a4581,0.9595613099568977
ck_cc90e219f1ebf390,0.001180219922515646
